CREATE DATABASE  IF NOT EXISTS `pawsclaws` /*!40100 DEFAULT CHARACTER SET utf8 */;
USE `pawsclaws`;
-- MySQL dump 10.13  Distrib 5.7.17, for Win64 (x86_64)
--
-- Host: 127.0.0.1    Database: pawsclaws
-- ------------------------------------------------------
-- Server version	5.7.22-log

/*!40101 SET @OLD_CHARACTER_SET_CLIENT=@@CHARACTER_SET_CLIENT */;
/*!40101 SET @OLD_CHARACTER_SET_RESULTS=@@CHARACTER_SET_RESULTS */;
/*!40101 SET @OLD_COLLATION_CONNECTION=@@COLLATION_CONNECTION */;
/*!40101 SET NAMES utf8 */;
/*!40103 SET @OLD_TIME_ZONE=@@TIME_ZONE */;
/*!40103 SET TIME_ZONE='+00:00' */;
/*!40014 SET @OLD_UNIQUE_CHECKS=@@UNIQUE_CHECKS, UNIQUE_CHECKS=0 */;
/*!40014 SET @OLD_FOREIGN_KEY_CHECKS=@@FOREIGN_KEY_CHECKS, FOREIGN_KEY_CHECKS=0 */;
/*!40101 SET @OLD_SQL_MODE=@@SQL_MODE, SQL_MODE='NO_AUTO_VALUE_ON_ZERO' */;
/*!40111 SET @OLD_SQL_NOTES=@@SQL_NOTES, SQL_NOTES=0 */;

--
-- Temporary view structure for view `customer_view`
--

DROP TABLE IF EXISTS `customer_view`;
/*!50001 DROP VIEW IF EXISTS `customer_view`*/;
SET @saved_cs_client     = @@character_set_client;
SET character_set_client = utf8;
/*!50001 CREATE VIEW `customer_view` AS SELECT 
 1 AS `Technician Name`,
 1 AS `Has Car`,
 1 AS `Specialty`,
 1 AS `Average Rating`*/;
SET character_set_client = @saved_cs_client;

--
-- Table structure for table `orders`
--

DROP TABLE IF EXISTS `orders`;
/*!40101 SET @saved_cs_client     = @@character_set_client */;
/*!40101 SET character_set_client = utf8 */;
CREATE TABLE `orders` (
  `order_ID` int(11) NOT NULL,
  `comment` varchar(255) DEFAULT NULL,
  `start_date` date DEFAULT NULL,
  `end_date` date DEFAULT NULL,
  `technician_T_num` int(11) NOT NULL,
  `pet_pet_ID` int(11) NOT NULL,
  PRIMARY KEY (`order_ID`,`technician_T_num`,`pet_pet_ID`),
  KEY `fk_orders_technician1_idx` (`technician_T_num`),
  KEY `fk_orders_pet1_idx` (`pet_pet_ID`),
  CONSTRAINT `fk_orders_pet1` FOREIGN KEY (`pet_pet_ID`) REFERENCES `pet` (`pet_ID`) ON DELETE NO ACTION ON UPDATE NO ACTION,
  CONSTRAINT `fk_orders_technician1` FOREIGN KEY (`technician_T_num`) REFERENCES `technician` (`u_num`) ON DELETE NO ACTION ON UPDATE NO ACTION
) ENGINE=InnoDB DEFAULT CHARSET=utf8;
/*!40101 SET character_set_client = @saved_cs_client */;

--
-- Dumping data for table `orders`
--

LOCK TABLES `orders` WRITE;
/*!40000 ALTER TABLE `orders` DISABLE KEYS */;
INSERT INTO `orders` VALUES (101,'','2016-02-20','2016-02-18',1,10004),(102,'','2016-02-20','2016-02-18',2,10005),(103,'','2016-02-20','2016-02-18',3,10006),(104,'','2016-02-20','2016-02-18',4,10007),(105,'','2016-02-20','2016-02-18',5,10008),(106,'','2016-02-20','2016-02-18',6,10009),(107,'','2016-02-20','2016-02-18',7,10010),(108,'','2016-02-20','2016-02-18',8,10011);
/*!40000 ALTER TABLE `orders` ENABLE KEYS */;
UNLOCK TABLES;

--
-- Table structure for table `pet`
--

DROP TABLE IF EXISTS `pet`;
/*!40101 SET @saved_cs_client     = @@character_set_client */;
/*!40101 SET character_set_client = utf8 */;
CREATE TABLE `pet` (
  `pet_ID` int(11) NOT NULL,
  `pet_type` varchar(150) DEFAULT NULL,
  `pet_name` varchar(150) DEFAULT NULL,
  `gender` varchar(6) DEFAULT NULL,
  `special_needs` varchar(150) DEFAULT NULL,
  `pet_size` varchar(45) DEFAULT NULL,
  `user_u_num` int(11) NOT NULL,
  PRIMARY KEY (`pet_ID`),
  KEY `fk_pet_user1_idx` (`user_u_num`),
  KEY `user_pet_index` (`pet_ID`,`user_u_num`),
  CONSTRAINT `fk_pet_user1` FOREIGN KEY (`user_u_num`) REFERENCES `user` (`u_num`) ON DELETE NO ACTION ON UPDATE NO ACTION
) ENGINE=InnoDB DEFAULT CHARSET=utf8;
/*!40101 SET character_set_client = @saved_cs_client */;

--
-- Dumping data for table `pet`
--

LOCK TABLES `pet` WRITE;
/*!40000 ALTER TABLE `pet` DISABLE KEYS */;
INSERT INTO `pet` VALUES (10001,'Dog','Captain','Male','old','S',1),(10002,'Cat','Silky','Male','mean','S',1),(10003,'Dog','Columbus','F','puppy','M',2),(10004,'Cat','Fido','F','kitten','M',2),(10005,'Cat','Kitty','F','friendly','L',2),(10006,'','','','','',3),(10007,'Cat','Jake','Male','','S',4),(10008,'Cat','Jessie','F','','S',4),(10009,'Dog','Marcus','Male','','M',4),(10010,'Cat','Sally','F','','M',5),(10011,'Cat','Tom','F','declawed','M',6),(10012,'Cat','Pup','F','','M',7),(10013,'Dog','Joey','F','timid','M',8),(10014,'Dog','Brittany','F','','M',9),(10015,'','','','','',10),(10016,'','','','','',11),(10017,'','','','','',12),(10018,'Dog','Piper','M','does not like cats','M',13),(10019,'Dog','Rose','M','afraid of thunder','M',14),(10020,'Dog','Piper','M','','M',15),(10021,'Dog','Rosey','M','highly trained','M',16),(10022,'','','','','',17),(10023,'Dog','Savannah','M','','M',18),(10024,'Dog','Savannah Rose','M','overweight','M',19),(10025,'Dog','Bobbie','M','timid','L',20),(10026,'Dog','Billy','M','drools','L',20),(10027,'Dog','Bart','M','diabetic','XL',20),(10028,'','','','','',21),(10029,'Cat','Sals','F','','M',22),(10030,'Cat','Tommie','F','timid','M',23),(10031,'Cat','Pup Pup','F','','M',24),(10032,'Dog','Joey','F','timid','M',25),(10033,'Dog','Brittany','F','','M',26),(10034,'Dog','Piper','M','does not like cats','M',27),(10035,'Dog','Rose','M','afraid of thunder','M',28),(10036,'Dog','Piper','M','','M',29),(10037,'Dog','Rosey Lane','M','hates leach','M',30),(10038,'Dog','Savannah','M','','M',31),(10039,'Dog','Savannah Rose','M','no treats','M',32),(10040,'Dog','Bobbie','M','timid','L',33),(10041,'Dog','Billy','M','drools','L',33),(10042,'Dog','Bart','M','diabetic','L',33),(10043,'','','','','',34),(10044,'','','','','',35),(10045,'Dog','Spot','M','','S',36),(10046,'','','','','',37),(10047,'Dog','Bart','M','','M',38),(10048,'Dog','Pete','M','','L',39),(10049,'Dog','Susie','F','','L',40),(10050,'Dog','Spot','M','','S',41),(10051,'Dog','Bart','M','','M',42),(10052,'Dog','Pete','M','','L',43),(10053,'Dog','Susie','F','','L',44),(10054,'Dog','Spot','M','','S',45),(10055,'Dog','Bart','M','','M',46),(10056,'Dog','Pete','M','','L',47),(10057,'Dog','Susie','F','','L',48),(10058,'Dog','Spot','M','','S',49),(10059,'Dog','Bart','M','','M',50),(10060,'Dog','Pete','M','','L',51),(10061,'Dog','Susie','F','','L',52),(10062,'','','','','',53),(10063,'','','','','',54),(10064,'','','','','',55),(10065,'','','','','',56),(10066,'','','','','',57),(10067,'Dog','Spot','M','','XL',58),(10068,'Dog','Bart','M','','M',59),(10069,'Dog','Pete','M','','L',60),(10070,'Dog','Susie','F','','L',61),(10071,'','','','','',62),(10072,'Dog','Spot','M','','S',63),(10073,'Dog','Bart','M','','M',64),(10074,'Dog','Pete','M','','L',65),(10075,'Dog','Susie','F','','L',66),(10076,'Dog','Spot','M','','XL',67),(10077,'Dog','Bart','M','','M',68),(10078,'Dog','Pete','M','','L',69),(10079,'Dog','Spot','M','','S',70),(10080,'Dog','Bart','M','','M',71),(10081,'Dog','Susie','F','','L',72),(10082,'Dog','Spot','M','','S',73),(10083,'Dog','Spot','M','','S',74),(10084,'Dog','Charlotte','F','','S',75),(10085,'','','','','',76),(10086,'','','','','',77),(10087,'','','','','',78),(10088,'Dog','Charlotte','F','','S',79),(10089,'','','','','',80),(10090,'Dog','Charlotte','F','','S',81),(10091,'','','','','',82),(10092,'','','','','',83),(10093,'Dog','Charlotte','F','','S',84),(10094,'Dog','Charlotte','F','','S',85),(10095,'Dog','Hampton','M','','XL',86),(10096,'Dog','Hampton','M','','XL',87),(10097,'Dog','Hampton','M','','XL',88),(10098,'Dog','Hampton','M','','XL',89),(10099,'','','','','',90),(10100,'Dog','Charlotte','F','','S',91),(10101,'Dog','Charlotte','F','','S',92),(10102,'Dog','Norman','M','','XL',93),(10103,'Dog','Norman','M','','XL',94),(10104,'Dog','Norman','M','','XL',95),(10105,'Dog','Norman','M','','XL',96),(10106,'Dog','Norman','M','','XL',97),(10107,'Dog','Norman','M','','XL',98),(10108,'','','','','',99),(10109,'Dog','Norman','M','','XL',100),(10110,'Dog','Norman','M','','XL',101),(10111,'Dog','Norman','M','','XL',102),(10112,'Dog','Norman','M','','XL',103),(10113,'Dog','Norman','M','','XL',104),(10114,'Dog','Norman','M','','XL',105),(10115,'','','','','',106),(10116,'Dog','Norman','M','','XL',107),(10117,'Dog','Norman','M','','XL',108),(10118,'','','','','',109),(10119,'','','','','',110),(10120,'','','','','',111),(10121,'Dog','Charlotte','F','','S',112),(10122,'Dog','Sam','M','','XL',112),(10123,'Cat','Sally','F','','S',112),(10124,'','','','','',113),(10125,'','','','','',114),(10126,'','','','','',115),(10127,'','','','','',116),(10128,'Dog','Charlotte','F','','S',117),(10129,'Dog','Sammy','M','','XL',117),(10130,'Cat','Sal','F','','S',117),(10131,'Dog','Charlotte','F','','S',118),(10132,'Dog','Sam','M','','XL',118),(10133,'Cat','Sally','F','','S',118),(10134,'','','','','',119),(10135,'','','','','',120),(10136,'','','','','',121),(10137,'Dog','Charlotte','F','','S',122),(10138,'Dog','Sam','M','','XL',122),(10139,'Cat','Sally','F','','S',122),(10140,'Dog','Charlotte','F','','S',123),(10141,'Dog','Sam','M','','XL',123),(10142,'Cat','Sally','F','','S',123),(10143,'Dog','Charlotte','F','','S',124),(10144,'Dog','Sam','M','','XL',124),(10145,'Cat','Sally','F','','S',124),(10146,'','','','','',125),(10147,'','','','','',126),(10148,'','','','','',127),(10149,'','','','','',128),(10150,'','','','','',129),(10151,'','','','','',130),(10152,'Dog','Harris','F','','S',131),(10153,'Dog','Thomas','','','XL',131),(10154,'Cat','Silky','','','S',131),(10155,'Dog','Charlotte','F','','S',132),(10156,'Dog','Sam','M','','XL',132),(10157,'Cat','Sally','F','','S',132),(10158,'','','','','',133),(10159,'','','','','',134),(10160,'','','','','',135),(10161,'','','','','',136),(10162,'Dog','Charlotte','F','','S',137),(10163,'Dog','Sam','M','','XL',137),(10164,'Cat','Sally','F','','S',137),(10165,'Dog','Toonses','F','','S',138),(10166,'Dog','Tommy','M','','XL',138),(10167,'Cat','Tor','F','','S',138),(10168,'Dog','Charlotte','F','','S',139),(10169,'Dog','Sam','M','','XL',139),(10170,'Cat','Sally','F','','S',139),(10171,'Dog','Charlotte','F','','S',140),(10172,'Dog','Charlotte','F','','S',141),(10173,'Dog','Savannah Rose','F','','S',142),(10174,'Dog','Charlotte','F','','S',143),(10175,'','','','','',144),(10176,'Dog','Kate','F','','S',145),(10177,'','','','','',146),(10178,'Dog','Barcley','F','','S',147),(10179,'Dog','Meghan','F','','S',148),(10180,'','','','','',149),(10181,'','','','','',150),(10182,'Dog','Harry','M','','S',151),(10183,'Dog','William','M','','S',152),(10184,'Dog','Charlotte','F','','S',153),(10185,'','','','','',154),(10186,'Dog','Charlotte','F','','S',155),(10187,'Dog','Atlas','F','','S',156),(10188,'','','','','',157),(10189,'','','','','',158),(10190,'','','','','',159),(10191,'Dog','Bert','F','','S',160),(10192,'Dog','Burkeley','F','','S',161),(10193,'','','','','',162),(10194,'Dog','Cathy','F','','S',163),(10195,'','','','','',164),(10196,'Dog','David','F','','S',165),(10197,'Dog','Davis','F','','S',166),(10198,'Dog','Harry','M','','S',167),(10199,'','','','','',168),(10200,'Dog','Harris','M','','S',169),(10201,'Cat','Charlotte','F','','S',170),(10202,'Dog','Charlotte','F','','S',171),(10203,'','','','','',172),(10204,'','','','','',173),(10205,'','','','','',174),(10206,'','','','','',175),(10207,'','','','','',176),(10208,'Dog','Henry','F','','S',177),(10209,'','','','','',178),(10210,'Dog','Jack','M','','S',179),(10211,'','','','','',180),(10212,'Dog','Tyson','M','','S',181),(10213,'Dog','Reba','F','','L',182),(10214,'','','','','',183),(10215,'Dog','Darin','M','','S',184),(10216,'Dog','Jamie','M','','S',185),(10217,'','','','','',186),(10218,'Dog','Terrie','F','','S',187),(10219,'','','','','',188),(10220,'','','','','',189),(10221,'Dog','Sandy','F','','M',190),(10222,'','','','','',191),(10223,'','','','','',192),(10224,'Dog','Claudia','F','','S',193),(10225,'','','','','',194),(10226,'Dog','Claude','M','','L',195),(10227,'Dog','Diana','F','','S',196),(10228,'','','','','',197),(10229,'','','','','',198),(10230,'','','','','',199),(10231,'Dog','Charles','M','','S',200),(10232,'','','','','',201),(10233,'','','','','',202),(10234,'','','','','',203),(10235,'','','','','',204),(10236,'','','','','',205),(10237,'','','','','',206),(10238,'','','','','',207),(10239,'','','','','',208),(10240,'','','','','',209),(10241,'','','','','',210),(10242,'','','','','',211),(10243,'','','','','',212),(10244,'','','','','',213),(10245,'','','','','',214),(10246,'','','','','',215),(10247,'','','','','',216),(10248,'','','','','',217),(10249,'','','','','',218),(10250,'','','','','',219),(10251,'','','','','',220),(10252,'','','','','',221),(10253,'','','','','',222),(10254,'','','','','',223),(10255,'','','','','',224),(10256,'','','','','',225),(10257,'','','','','',226),(10258,'','','','','',227),(10259,'','','','','',228),(10260,'','','','','',229),(10261,'','','','','',230),(10262,'','','','','',231),(10263,'','','','','',232),(10264,'','','','','',233),(10265,'','','','','',234),(10266,'','','','','',235),(10267,'','','','','',236),(10268,'','','','','',237),(10269,'','','','','',238),(10270,'','','','','',239),(10271,'','','','','',240),(10272,'','','','','',241),(10273,'','','','','',242),(10274,'','','','','',243),(10275,'','','','','',244),(10276,'','','','','',245),(10277,'','','','','',246),(10278,'','','','','',247),(10279,'','','','','',248),(10280,'','','','','',249),(10281,'','','','','',250),(10282,'','','','','',251),(10283,'','','','','',252),(10284,'','','','','',253),(10285,'','','','','',254),(10286,'','','','','',255),(10287,'','','','','',256),(10288,'','','','','',257),(10289,'','','','','',258),(10290,'','','','','',259),(10291,'','','','','',260),(10292,'','','','','',261),(10293,'','','','','',262),(10294,'','','','','',263),(10295,'','','','','',264),(10296,'','','','','',265),(10297,'','','','','',266),(10298,'','','','','',267),(10299,'','','','','',268),(10300,'','','','','',269),(10301,'','','','','',270),(10302,'','','','','',271),(10303,'','','','','',272),(10304,'','','','','',273),(10305,'','','','','',274),(10306,'','','','','',275),(10307,'','','','','',276),(10308,'','','','','',277),(10309,'','','','','',278),(10310,'','','','','',279),(10311,'','','','','',280),(10312,'','','','','',281),(10313,'','','','','',282),(10314,'','','','','',283),(10315,'','','','','',284),(10316,'','','','','',285),(10317,'','','','','',286),(10318,'','','','','',287),(10319,'','','','','',288),(10320,'','','','','',289),(10321,'','','','','',290),(10322,'','','','','',291),(10323,'','','','','',292),(10324,'','','','','',293),(10325,'','','','','',294),(10326,'','','','','',295),(10327,'','','','','',296),(10328,'','','','','',297),(10329,'','','','','',298),(10330,'','','','','',299),(10331,'','','','','',300),(10332,'','','','','',301),(10333,'','','','','',302),(10334,'','','','','',303),(10335,'','','','','',304),(10336,'','','','','',305),(10337,'','','','','',306),(10338,'','','','','',307),(10339,'','','','','',308),(10340,'','','','','',309),(10341,'','','','','',310),(10342,'','','','','',311),(10343,'','','','','',312),(10344,'','','','','',313),(10345,'','','','','',314),(10346,'','','','','',315),(10347,'','','','','',316),(10348,'','','','','',317),(10349,'','','','','',318),(10350,'','','','','',319),(10351,'','','','','',320),(10352,'','','','','',321),(10353,'','','','','',322),(10354,'','','','','',323),(10355,'','','','','',324),(10356,'','','','','',325),(10357,'','','','','',326),(10358,'','','','','',327),(10359,'','','','','',328),(10360,'','','','','',329),(10361,'','','','','',330),(10362,'','','','','',331),(10363,'','','','','',332),(10364,'','','','','',333),(10365,'','','','','',334),(10366,'','','','','',335),(10367,'','','','','',336),(10368,'','','','','',337),(10369,'','','','','',338),(10370,'','','','','',339),(10371,'','','','','',340),(10372,'','','','','',341),(10373,'','','','','',342),(10374,'','','','','',343),(10375,'','','','','',344),(10376,'','','','','',345),(10377,'','','','','',346),(10378,'','','','','',347),(10379,'','','','','',348),(10380,'','','','','',349),(10381,'','','','','',350),(10382,'','','','','',351),(10383,'','','','','',352),(10384,'','','','','',353),(10385,'','','','','',354),(10386,'','','','','',355),(10387,'','','','','',356),(10388,'','','','','',357),(10389,'','','','','',358),(10390,'','','','','',359),(10391,'','','','','',360),(10392,'','','','','',361),(10393,'','','','','',362),(10394,'','','','','',363),(10395,'','','','','',364),(10396,'','','','','',365),(10397,'','','','','',366),(10398,'','','','','',367),(10399,'','','','','',368),(10400,'','','','','',369),(10401,'','','','','',370),(10402,'','','','','',371),(10403,'','','','','',372),(10404,'','','','','',373),(10405,'','','','','',374),(10406,'','','','','',375),(10407,'','','','','',376),(10408,'','','','','',377),(10409,'','','','','',378),(10410,'','','','','',379),(10411,'','','','','',380),(10412,'','','','','',381),(10413,'','','','','',382),(10414,'','','','','',383),(10415,'','','','','',384),(10416,'','','','','',385),(10417,'','','','','',386),(10418,'','','','','',387),(10419,'','','','','',388),(10420,'','','','','',389),(10421,'','','','','',390),(10422,'','','','','',391),(10423,'','','','','',392),(10424,'','','','','',393),(10425,'','','','','',394),(10426,'','','','','',395),(10427,'','','','','',396),(10428,'','','','','',397),(10429,'','','','','',398),(10430,'','','','','',399),(10431,'','','','','',400),(10432,'','','','','',401),(10433,'','','','','',402),(10434,'','','','','',403),(10435,'','','','','',404),(10436,'','','','','',405),(10437,'','','','','',406),(10438,'','','','','',407),(10439,'','','','','',408),(10440,'','','','','',409),(10441,'','','','','',410),(10442,'','','','','',411),(10443,'','','','','',412),(10444,'','','','','',413),(10445,'','','','','',414),(10446,'','','','','',415),(10447,'','','','','',416),(10448,'','','','','',417),(10449,'','','','','',418),(10450,'','','','','',419),(10451,'','','','','',420),(10452,'','','','','',421),(10453,'','','','','',422),(10454,'','','','','',423),(10455,'','','','','',424),(10456,'','','','','',425),(10457,'','','','','',426),(10458,'','','','','',427),(10459,'','','','','',428),(10460,'','','','','',429),(10461,'','','','','',430),(10462,'','','','','',431),(10463,'','','','','',432),(10464,'','','','','',433),(10465,'','','','','',434),(10466,'','','','','',435),(10467,'','','','','',436),(10468,'','','','','',437),(10469,'','','','','',438),(10470,'','','','','',439),(10471,'','','','','',440),(10472,'','','','','',441),(10473,'','','','','',442),(10474,'','','','','',443),(10475,'','','','','',444),(10476,'','','','','',445),(10477,'','','','','',446),(10478,'','','','','',447),(10479,'','','','','',448),(10480,'','','','','',449),(10481,'','','','','',450),(10482,'','','','','',451),(10483,'','','','','',452),(10484,'','','','','',453),(10485,'','','','','',454),(10486,'','','','','',455),(10487,'','','','','',456),(10488,'','','','','',457),(10489,'','','','','',458),(10490,'','','','','',459),(10491,'','','','','',460),(10492,'','','','','',461),(10493,'','','','','',462),(10494,'','','','','',463),(10495,'','','','','',464),(10496,'','','','','',465),(10497,'','','','','',466),(10498,'','','','','',467),(10499,'','','','','',468),(10500,'','','','','',469),(10501,'','','','','',470),(10502,'','','','','',471),(10503,'','','','','',472),(10504,'','','','','',473),(10505,'','','','','',474),(10506,'','','','','',475),(10507,'','','','','',476),(10508,'','','','','',477),(10509,'','','','','',478),(10510,'','','','','',479),(10511,'','','','','',480),(10512,'','','','','',481),(10513,'','','','','',482),(10514,'','','','','',483),(10515,'','','','','',484),(10516,'','','','','',485),(10517,'','','','','',486),(10518,'','','','','',487),(10519,'','','','','',488),(10520,'','','','','',489),(10521,'','','','','',490),(10522,'','','','','',491),(10523,'','','','','',492),(10524,'','','','','',493),(10525,'','','','','',494),(10526,'','','','','',495),(10527,'','','','','',496),(10528,'','','','','',497),(10529,'','','','','',498),(10530,'','','','','',499),(10531,'','','','','',500);
/*!40000 ALTER TABLE `pet` ENABLE KEYS */;
UNLOCK TABLES;

--
-- Temporary view structure for view `physician_view`
--

DROP TABLE IF EXISTS `physician_view`;
/*!50001 DROP VIEW IF EXISTS `physician_view`*/;
SET @saved_cs_client     = @@character_set_client;
SET character_set_client = utf8;
/*!50001 CREATE VIEW `physician_view` AS SELECT 
 1 AS `User ID`,
 1 AS `User Name`,
 1 AS `Street number and name`,
 1 AS `city`,
 1 AS `state`,
 1 AS `ZIP CODE`,
 1 AS `phone`,
 1 AS `Pet Name`,
 1 AS `Pet Special needs`,
 1 AS `Pet Size`*/;
SET character_set_client = @saved_cs_client;

--
-- Table structure for table `rating`
--

DROP TABLE IF EXISTS `rating`;
/*!40101 SET @saved_cs_client     = @@character_set_client */;
/*!40101 SET character_set_client = utf8 */;
CREATE TABLE `rating` (
  `rating_num` int(11) NOT NULL,
  `rating_scale` int(11) DEFAULT NULL,
  `s_ID` varchar(45) DEFAULT NULL,
  `user_u_num` int(11) DEFAULT NULL,
  `order_id` int(11) DEFAULT NULL,
  PRIMARY KEY (`rating_num`)
) ENGINE=InnoDB DEFAULT CHARSET=utf8;
/*!40101 SET character_set_client = @saved_cs_client */;

--
-- Dumping data for table `rating`
--

LOCK TABLES `rating` WRITE;
/*!40000 ALTER TABLE `rating` DISABLE KEYS */;
INSERT INTO `rating` VALUES (1,5,'1',501,NULL),(2,4,'2',502,NULL),(3,2,'3',503,NULL),(4,5,'4',504,NULL),(5,3,'5',505,NULL);
/*!40000 ALTER TABLE `rating` ENABLE KEYS */;
UNLOCK TABLES;

--
-- Table structure for table `services`
--

DROP TABLE IF EXISTS `services`;
/*!40101 SET @saved_cs_client     = @@character_set_client */;
/*!40101 SET character_set_client = utf8 */;
CREATE TABLE `services` (
  `s_ID` int(11) NOT NULL,
  `service provided` varchar(255) DEFAULT NULL,
  `cost` int(11) DEFAULT NULL,
  `orders_order_ID` int(11) NOT NULL,
  PRIMARY KEY (`s_ID`,`orders_order_ID`),
  KEY `fk_services_orders1_idx` (`orders_order_ID`),
  CONSTRAINT `fk_services_orders1` FOREIGN KEY (`orders_order_ID`) REFERENCES `orders` (`order_ID`) ON DELETE NO ACTION ON UPDATE NO ACTION
) ENGINE=InnoDB DEFAULT CHARSET=utf8;
/*!40101 SET character_set_client = @saved_cs_client */;

--
-- Dumping data for table `services`
--

LOCK TABLES `services` WRITE;
/*!40000 ALTER TABLE `services` DISABLE KEYS */;
INSERT INTO `services` VALUES (1,'board',22,101),(2,'Visit ',8,102),(3,'Walk',12,103),(4,'Feed ',8,104),(5,'Day Care',15,105),(6,'Bathe ',20,106),(7,'Shop',12,107),(8,'Medicine',12,108);
/*!40000 ALTER TABLE `services` ENABLE KEYS */;
UNLOCK TABLES;

--
-- Table structure for table `student`
--

DROP TABLE IF EXISTS `student`;
/*!40101 SET @saved_cs_client     = @@character_set_client */;
/*!40101 SET character_set_client = utf8 */;
CREATE TABLE `student` (
  `grad_date` varchar(45) DEFAULT NULL,
  `university` varchar(45) DEFAULT NULL,
  `major` varchar(45) DEFAULT NULL,
  `user_u_num` int(11) NOT NULL,
  KEY `fk_student_user1_idx` (`user_u_num`),
  CONSTRAINT `fk_student_user1` FOREIGN KEY (`user_u_num`) REFERENCES `user` (`u_num`) ON DELETE NO ACTION ON UPDATE NO ACTION
) ENGINE=InnoDB DEFAULT CHARSET=utf8;
/*!40101 SET character_set_client = @saved_cs_client */;

--
-- Dumping data for table `student`
--

LOCK TABLES `student` WRITE;
/*!40000 ALTER TABLE `student` DISABLE KEYS */;
INSERT INTO `student` VALUES ('18-Aug','UNC Charlotte','Biology',484),('18-Aug','UNC Wilmington','Marine Biology',485),('18-Aug','UNC Charlotte','Chemistry',486),('18-Aug','UNC Asheville','Computer Science',487),('18-Dec','UNC Chapel Hill','Economics',488),('18-Dec','UNC Chapel Hill','Finance',489),('18-Dec','Duke ','Accounting',490),('18-Dec','UNC Charlotte','Business Administration',491),('19-May','UNC Charlotte','Special Education',492),('19-May','UNC Asheville','Chemistry',493);
/*!40000 ALTER TABLE `student` ENABLE KEYS */;
UNLOCK TABLES;

--
-- Table structure for table `teacher`
--

DROP TABLE IF EXISTS `teacher`;
/*!40101 SET @saved_cs_client     = @@character_set_client */;
/*!40101 SET character_set_client = utf8 */;
CREATE TABLE `teacher` (
  `coach` varchar(150) DEFAULT NULL,
  `position` varchar(150) DEFAULT NULL,
  `school_name` varchar(150) DEFAULT NULL,
  `user_u_num` int(11) NOT NULL,
  KEY `fk_teacher_user1_idx` (`user_u_num`),
  CONSTRAINT `fk_teacher_user1` FOREIGN KEY (`user_u_num`) REFERENCES `user` (`u_num`) ON DELETE NO ACTION ON UPDATE NO ACTION
) ENGINE=InnoDB DEFAULT CHARSET=utf8;
/*!40101 SET character_set_client = @saved_cs_client */;

--
-- Dumping data for table `teacher`
--

LOCK TABLES `teacher` WRITE;
/*!40000 ALTER TABLE `teacher` DISABLE KEYS */;
INSERT INTO `teacher` VALUES ('yes','instructor','UNC Charlotte',474),('yes','instructor','UNC Wilmington',475),('no','administrator','UNC Charlotte',476),('no','assistant','UNC Asheville',477),('no','assistant','UNC Chapel Hill',478),('no','administrator','UNC Chapel Hill',479),('no','instructor','Duke ',480),('yes','assistant','UNC Charlotte',481),('yes','administrator','UNC Charlotte',482),('no','instructor','UNC Asheville',483);
/*!40000 ALTER TABLE `teacher` ENABLE KEYS */;
UNLOCK TABLES;

--
-- Table structure for table `technician`
--

DROP TABLE IF EXISTS `technician`;
/*!40101 SET @saved_cs_client     = @@character_set_client */;
/*!40101 SET character_set_client = utf8 */;
CREATE TABLE `technician` (
  `u_num` int(11) NOT NULL,
  `car` char(3) CHARACTER SET utf8 COLLATE utf8_bin DEFAULT NULL,
  `hire_date` date DEFAULT NULL,
  `preference` varchar(150) DEFAULT NULL,
  `years_employed` int(11) DEFAULT NULL,
  PRIMARY KEY (`u_num`)
) ENGINE=InnoDB DEFAULT CHARSET=utf8;
/*!40101 SET character_set_client = @saved_cs_client */;

--
-- Dumping data for table `technician`
--

LOCK TABLES `technician` WRITE;
/*!40000 ALTER TABLE `technician` DISABLE KEYS */;
INSERT INTO `technician` VALUES (501,'yes','2014-03-03','dog',4),(502,'yes','2015-02-01','cat',3),(503,'yes','2016-03-02','dog',2),(504,'no','2015-03-05','cat',3),(505,'no','2011-04-01','dog',7);
/*!40000 ALTER TABLE `technician` ENABLE KEYS */;
UNLOCK TABLES;

--
-- Table structure for table `training`
--

DROP TABLE IF EXISTS `training`;
/*!40101 SET @saved_cs_client     = @@character_set_client */;
/*!40101 SET character_set_client = utf8 */;
CREATE TABLE `training` (
  `completed` char(3) CHARACTER SET utf8 COLLATE utf8_bin DEFAULT NULL,
  `course_name` varchar(45) DEFAULT NULL,
  `Date_completed` date DEFAULT NULL,
  `Date_started` date DEFAULT NULL,
  `Grade` int(11) DEFAULT NULL,
  `technician_u_num` int(11) NOT NULL,
  PRIMARY KEY (`technician_u_num`),
  CONSTRAINT `fk_training_technician1` FOREIGN KEY (`technician_u_num`) REFERENCES `technician` (`u_num`) ON DELETE NO ACTION ON UPDATE NO ACTION
) ENGINE=InnoDB DEFAULT CHARSET=utf8;
/*!40101 SET character_set_client = @saved_cs_client */;

--
-- Dumping data for table `training`
--

LOCK TABLES `training` WRITE;
/*!40000 ALTER TABLE `training` DISABLE KEYS */;
INSERT INTO `training` VALUES ('yes','Tech Training','2016-01-24','2016-07-24',75,1),('yes','Tech Training','2016-01-15','2016-07-15',85,3),('yes','Tech Training','2016-01-02','2016-08-02',100,4),('yes','Tech Training','2016-02-04','2016-08-04',80,5),('no','Tech Training','2016-01-24','2016-07-24',85,6),('yes','Tech Training','2016-01-23','2016-07-23',75,7),('yes','Tech Training','2016-01-15','2016-07-15',85,8),('yes','Tech Training','2016-01-02','2016-07-02',100,9);
/*!40000 ALTER TABLE `training` ENABLE KEYS */;
UNLOCK TABLES;

--
-- Table structure for table `user`
--

DROP TABLE IF EXISTS `user`;
/*!40101 SET @saved_cs_client     = @@character_set_client */;
/*!40101 SET character_set_client = utf8 */;
CREATE TABLE `user` (
  `u_num` int(11) NOT NULL,
  `email` varchar(150) DEFAULT NULL,
  `occupation` varchar(150) DEFAULT NULL,
  `First_name` varchar(150) CHARACTER SET big5 COLLATE big5_bin DEFAULT NULL,
  `Last_name` varchar(55) DEFAULT NULL,
  `m_int` varchar(26) DEFAULT NULL,
  `street` varchar(50) DEFAULT NULL,
  `city` char(55) DEFAULT NULL,
  `state` char(55) DEFAULT NULL,
  `zip` varchar(10) DEFAULT NULL,
  `phone` varchar(45) DEFAULT NULL,
  `address` varchar(255) DEFAULT NULL,
  PRIMARY KEY (`u_num`)
) ENGINE=InnoDB DEFAULT CHARSET=utf8;
/*!40101 SET character_set_client = @saved_cs_client */;

--
-- Dumping data for table `user`
--

LOCK TABLES `user` WRITE;
/*!40000 ALTER TABLE `user` DISABLE KEYS */;
INSERT INTO `user` VALUES (1,'jsmith@gmail.com',NULL,'James','Smith',NULL,NULL,'Charlotte','NC','28223','504-621-8927',NULL),(2,'josephine_darakjy@darakjy.org',NULL,'Josephine','Darakjy',NULL,NULL,'Charlotte','NC','28223','810-292-9388',NULL),(3,'art@venere.org',NULL,'Art','Venere',NULL,NULL,'Bridgeport','NJ','8014','856-636-8749',NULL),(4,'lpaprocki@hotmail.com',NULL,'Lenna','Paprocki',NULL,NULL,'Charlotte','NC','28223','907-385-4412',NULL),(5,'donette.foller@cox.net',NULL,'Donette','Foller',NULL,NULL,'Charlotte','NC','28223','513-570-1893',NULL),(6,'simona@morasca.com',NULL,'Simona','Morasca',NULL,NULL,'Charlotte','NC','28223','419-503-2484',NULL),(7,'mitsue_tollner@yahoo.com',NULL,'Mitsue','Tollner',NULL,NULL,'Charlotte','NC','28223','773-573-6914',NULL),(8,'leota@hotmail.com',NULL,'Leota','Dilliard',NULL,NULL,'Charlotte','NC','28223','408-752-3500',NULL),(9,'sage_wieser@cox.net',NULL,'Sage','Wieser',NULL,NULL,'Charlotte','NC','28223','605-414-2147',NULL),(10,'kris@gmail.com',NULL,'Kris','Marrier',NULL,NULL,'Baltimore','MD','21224','410-655-8723',NULL),(11,'minna_amigon@yahoo.com',NULL,'Minna','Amigon',NULL,NULL,'Kulpsville','PA','19443','215-874-1229',NULL),(12,'amaclead@gmail.com',NULL,'Abel','Maclead',NULL,NULL,'Middle Island','NY','11953','631-335-3414',NULL),(13,'kiley.caldarera@aol.com',NULL,'Kiley','Caldarera',NULL,NULL,'Charlotte','NC','28223','310-498-5651',NULL),(14,'gruta@cox.net',NULL,'Graciela','Ruta',NULL,NULL,'Charlotte','NC','28223','440-780-8425',NULL),(15,'calbares@gmail.com',NULL,'Cammy','Albares',NULL,NULL,'Charlotte','NC','28223','956-537-6195',NULL),(16,'mattie@aol.com',NULL,'Mattie','Poquette',NULL,NULL,'Charlotte','NC','28223','602-277-4385',NULL),(17,'meaghan@hotmail.com',NULL,'Meaghan','Garufi',NULL,NULL,'Mc Minnville','TN','37110','931-313-9635',NULL),(18,'gladys.rim@rim.org',NULL,'Gladys','Rim',NULL,NULL,'Charlotte','NC','28223','414-661-9598',NULL),(19,'yuki_whobrey@aol.com',NULL,'Yuki','Whobrey',NULL,NULL,'Charlotte','NC','28223','313-288-7937',NULL),(20,'fletcher.flosi@yahoo.com',NULL,'Fletcher','Flosi',NULL,NULL,'Charlotte','NC','28223','815-828-2147',NULL),(21,'bette_nicka@cox.net',NULL,'Bette','Nicka',NULL,NULL,'Aston','PA','19014','610-545-3615',NULL),(22,'vinouye@aol.com',NULL,'Veronika','Inouye',NULL,NULL,'Charlotte','NC','28223','408-540-1785',NULL),(23,'willard@hotmail.com',NULL,'Willard','Kolmetz',NULL,NULL,'Charlotte','NC','28223','972-303-9197',NULL),(24,'mroyster@royster.com',NULL,'Maryann','Royster',NULL,NULL,'Albany','NY','12204','518-966-7987',NULL),(25,'alisha@slusarski.com',NULL,'Alisha','Slusarski',NULL,NULL,'Middlesex','NJ','8846','732-658-3154',NULL),(26,'allene_iturbide@cox.net',NULL,'Allene','Iturbide',NULL,NULL,'Charlotte','NC','28223','715-662-6764',NULL),(27,'chanel.caudy@caudy.org',NULL,'Chanel','Caudy',NULL,NULL,'Charlotte','NC','28223','913-388-2079',NULL),(28,'ezekiel@chui.com',NULL,'Ezekiel','Chui',NULL,NULL,'Easton','MD','21601','410-669-1642',NULL),(29,'wkusko@yahoo.com',NULL,'Willow','Kusko',NULL,NULL,'New York','NY','10011','212-582-4976',NULL),(30,'bfigeroa@aol.com',NULL,'Bernardo','Figeroa',NULL,NULL,'Charlotte','NC','28223','936-336-3951',NULL),(31,'ammie@corrio.com',NULL,'Ammie','Corrio',NULL,NULL,'Charlotte','NC','28223','614-801-9788',NULL),(32,'francine_vocelka@vocelka.com',NULL,'Francine','Vocelka',NULL,NULL,'Charlotte','NC','28223','505-977-3911',NULL),(33,'ernie_stenseth@aol.com',NULL,'Ernie','Stenseth',NULL,NULL,'Ridgefield Park','NJ','7660','201-709-6245',NULL),(34,'albina@glick.com',NULL,'Albina','Glick',NULL,NULL,'Dunellen','NJ','8812','732-924-7882',NULL),(35,'asergi@gmail.com',NULL,'Alishia','Sergi',NULL,NULL,'New York','NY','10025','212-860-1579',NULL),(36,'solange@shinko.com',NULL,'Solange','Shinko',NULL,NULL,'Charlotte','NC','28223','504-979-9175',NULL),(37,'jose@yahoo.com',NULL,'Jose','Stockham',NULL,NULL,'New York','NY','10011','212-675-8570',NULL),(38,'rozella.ostrosky@ostrosky.com',NULL,'Rozella','Ostrosky',NULL,NULL,'Charlotte','NC','28223','805-832-6163',NULL),(39,'valentine_gillian@gmail.com',NULL,'Valentine','Gillian',NULL,NULL,'Charlotte','NC','28223','210-812-9597',NULL),(40,'kati.rulapaugh@hotmail.com',NULL,'Kati','Rulapaugh',NULL,NULL,'Charlotte','NC','28223','785-463-7829',NULL),(41,'youlanda@aol.com',NULL,'Youlanda','Schemmer',NULL,NULL,'Charlotte','NC','28223','541-548-8197',NULL),(42,'doldroyd@aol.com',NULL,'Dyan','Oldroyd',NULL,NULL,'Charlotte','NC','28223','913-413-4604',NULL),(43,'roxane@hotmail.com',NULL,'Roxane','Campain',NULL,NULL,'Charlotte','NC','28223','907-231-4722',NULL),(44,'lperin@perin.org',NULL,'Lavera','Perin',NULL,NULL,'Miami','FL','33196','305-606-7291',NULL),(45,'erick.ferencz@aol.com',NULL,'Erick','Ferencz',NULL,NULL,'Charlotte','NC','28223','907-741-1044',NULL),(46,'fsaylors@saylors.org',NULL,'Fatima','Saylors',NULL,NULL,'Charlotte','NC','28223','952-768-2416',NULL),(47,'jina_briddick@briddick.com',NULL,'Jina','Briddick',NULL,NULL,'Boston','MA','2128','617-399-5124',NULL),(48,'kanisha_waycott@yahoo.com',NULL,'Kanisha','Waycott',NULL,NULL,'Charlotte','NC','28223','323-453-2780',NULL),(49,'emerson.bowley@bowley.org',NULL,'Emerson','Bowley',NULL,NULL,'Charlotte','NC','28223','608-336-7444',NULL),(50,'bmalet@yahoo.com',NULL,'Blair','Malet',NULL,NULL,'Philadelphia','PA','19132','215-907-9111',NULL),(51,'bbolognia@yahoo.com',NULL,'Brock','Bolognia',NULL,NULL,'New York','NY','10003','212-402-9216',NULL),(52,'lnestle@hotmail.com',NULL,'Lorrie','Nestle',NULL,NULL,'Tullahoma','TN','37388','931-875-6644',NULL),(53,'sabra@uyetake.org',NULL,'Sabra','Uyetake',NULL,NULL,'Columbia','SC','29201','803-925-5213',NULL),(54,'mmastella@mastella.com',NULL,'Marjory','Mastella',NULL,NULL,'Wayne','PA','19087','610-814-5533',NULL),(55,'karl_klonowski@yahoo.com',NULL,'Karl','Klonowski',NULL,NULL,'Flemington','NJ','8822','908-877-6135',NULL),(56,'twenner@aol.com',NULL,'Tonette','Wenner',NULL,NULL,'Westbury','NY','11590','516-968-6051',NULL),(57,'amber_monarrez@monarrez.org',NULL,'Amber','Monarrez',NULL,NULL,'Jenkintown','PA','19046','215-934-8655',NULL),(58,'shenika@gmail.com',NULL,'Shenika','Seewald',NULL,NULL,'Charlotte','NC','28223','818-423-4007',NULL),(59,'delmy.ahle@hotmail.com',NULL,'Delmy','Ahle',NULL,NULL,'Providence','RI','2909','401-458-2547',NULL),(60,'deeanna_juhas@gmail.com',NULL,'Deeanna','Juhas',NULL,NULL,'Huntingdon Valley','PA','19006','215-211-9589',NULL),(61,'bpugh@aol.com',NULL,'Blondell','Pugh',NULL,NULL,'Providence','RI','2904','401-960-8259',NULL),(62,'jamal@vanausdal.org',NULL,'Jamal','Vanausdal',NULL,NULL,'Monroe Township','NJ','8831','732-234-1546',NULL),(63,'cecily@hollack.org',NULL,'Cecily','Hollack',NULL,NULL,'Charlotte','NC','28223','512-486-3817',NULL),(64,'carmelina_lindall@lindall.com',NULL,'Carmelina','Lindall',NULL,NULL,'Charlotte','NC','28223','303-724-7371',NULL),(65,'maurine_yglesias@yglesias.com',NULL,'Maurine','Yglesias',NULL,NULL,'Charlotte','NC','28223','414-748-1374',NULL),(66,'tawna@gmail.com',NULL,'Tawna','Buvens',NULL,NULL,'New York','NY','10009','212-674-9610',NULL),(67,'penney_weight@aol.com',NULL,'Penney','Weight',NULL,NULL,'Charlotte','NC','28223','907-797-9628',NULL),(68,'elly_morocco@gmail.com',NULL,'Elly','Morocco',NULL,NULL,'Erie','PA','16502','814-393-5571',NULL),(69,'ilene.eroman@hotmail.com',NULL,'Ilene','Eroman',NULL,NULL,'Glen Burnie','MD','21061','410-914-9018',NULL),(70,'vmondella@mondella.com',NULL,'Vallie','Mondella',NULL,NULL,'Charlotte','NC','28223','208-862-5339',NULL),(71,'kallie.blackwood@gmail.com',NULL,'Kallie','Blackwood',NULL,NULL,'Charlotte','NC','28223','415-315-2761',NULL),(72,'johnetta_abdallah@aol.com',NULL,'Johnetta','Abdallah',NULL,NULL,'Chapel Hill','NC','27514','919-225-9345',NULL),(73,'brhym@rhym.com',NULL,'Bobbye','Rhym',NULL,NULL,'Charlotte','NC','28223','650-528-5783',NULL),(74,'micaela_rhymes@gmail.com',NULL,'Micaela','Rhymes',NULL,NULL,'Charlotte','NC','28223','925-647-3298',NULL),(75,'tamar@hotmail.com',NULL,'Tamar','Hoogland',NULL,NULL,'Charlotte','NC','28223','740-343-8575',NULL),(76,'moon@yahoo.com',NULL,'Moon','Parlato',NULL,NULL,'Wellsville','NY','14895','585-866-8313',NULL),(77,'laurel_reitler@reitler.com',NULL,'Laurel','Reitler',NULL,NULL,'Baltimore','MD','21215','410-520-4832',NULL),(78,'delisa.crupi@crupi.com',NULL,'Delisa','Crupi',NULL,NULL,'Newark','NJ','7105','973-354-2040',NULL),(79,'viva.toelkes@gmail.com',NULL,'Viva','Toelkes',NULL,NULL,'Charlotte','NC','28223','773-446-5569',NULL),(80,'elza@yahoo.com',NULL,'Elza','Lipke',NULL,NULL,'Newark','NJ','7104','973-927-3447',NULL),(81,'devorah@hotmail.com',NULL,'Devorah','Chickering',NULL,NULL,'Charlotte','NC','28223','505-975-8559',NULL),(82,'timothy_mulqueen@mulqueen.org',NULL,'Timothy','Mulqueen',NULL,NULL,'Staten Island','NY','10309','718-332-6527',NULL),(83,'ahoneywell@honeywell.com',NULL,'Arlette','Honeywell',NULL,NULL,'Jacksonville','FL','32254','904-775-4480',NULL),(84,'dominque.dickerson@dickerson.org',NULL,'Dominque','Dickerson',NULL,NULL,'Charlotte','NC','28223','510-993-3758',NULL),(85,'lettie_isenhower@yahoo.com',NULL,'Lettie','Isenhower',NULL,NULL,'Charlotte','NC','28223','216-657-7668',NULL),(86,'mmunns@cox.net',NULL,'Myra','Munns',NULL,NULL,'Charlotte','NC','28223','817-914-7518',NULL),(87,'stephaine@barfield.com',NULL,'Stephaine','Barfield',NULL,NULL,'Charlotte','NC','28223','310-774-7643',NULL),(88,'lai.gato@gato.org',NULL,'Lai','Gato',NULL,NULL,'Charlotte','NC','28223','847-728-7286',NULL),(89,'stephen_emigh@hotmail.com',NULL,'Stephen','Emigh',NULL,NULL,'Charlotte','NC','28223','330-537-5358',NULL),(90,'tshields@gmail.com',NULL,'Tyra','Shields',NULL,NULL,'Philadelphia','PA','19106','215-255-1641',NULL),(91,'twardrip@cox.net',NULL,'Tammara','Wardrip',NULL,NULL,'Charlotte','NC','28223','650-803-1936',NULL),(92,'cory.gibes@gmail.com',NULL,'Cory','Gibes',NULL,NULL,'Charlotte','NC','28223','626-572-1096',NULL),(93,'danica_bruschke@gmail.com',NULL,'Danica','Bruschke',NULL,NULL,'Charlotte','NC','28223','254-782-8569',NULL),(94,'wilda@cox.net',NULL,'Wilda','Giguere',NULL,NULL,'Charlotte','NC','28223','907-870-5536',NULL),(95,'elvera.benimadho@cox.net',NULL,'Elvera','Benimadho',NULL,NULL,'Charlotte','NC','28223','408-703-8505',NULL),(96,'carma@cox.net',NULL,'Carma','Vanheusen',NULL,NULL,'Charlotte','NC','28223','510-503-7169',NULL),(97,'malinda.hochard@yahoo.com',NULL,'Malinda','Hochard',NULL,NULL,'Charlotte','NC','28223','317-722-5066',NULL),(98,'natalie.fern@hotmail.com',NULL,'Natalie','Fern',NULL,NULL,'Charlotte','NC','28223','307-704-8713',NULL),(99,'lisha@centini.org',NULL,'Lisha','Centini',NULL,NULL,'Mc Lean','VA','22102','703-235-3937',NULL),(100,'arlene_klusman@gmail.com',NULL,'Arlene','Klusman',NULL,NULL,'Charlotte','NC','28223','504-710-5840',NULL),(101,'alease@buemi.com',NULL,'Alease','Buemi',NULL,NULL,'Charlotte','NC','28223','303-301-4946',NULL),(102,'louisa@cronauer.com',NULL,'Louisa','Cronauer',NULL,NULL,'Charlotte','NC','28223','510-828-7047',NULL),(103,'angella.cetta@hotmail.com',NULL,'Angella','Cetta',NULL,NULL,'Charlotte','NC','28223','808-892-7943',NULL),(104,'cgoldammer@cox.net',NULL,'Cyndy','Goldammer',NULL,NULL,'Charlotte','NC','28223','952-334-9408',NULL),(105,'rosio.cork@gmail.com',NULL,'Rosio','Cork',NULL,NULL,'High Point','NC','27263','336-243-5659',NULL),(106,'ckorando@hotmail.com',NULL,'Celeste','Korando',NULL,NULL,'Lynbrook','NY','11563','516-509-2347',NULL),(107,'twana.felger@felger.org',NULL,'Twana','Felger',NULL,NULL,'Charlotte','NC','28223','503-939-3153',NULL),(108,'estrella@aol.com',NULL,'Estrella','Samu',NULL,NULL,'Charlotte','NC','28223','608-976-7199',NULL),(109,'dkines@hotmail.com',NULL,'Donte','Kines',NULL,NULL,'Worcester','MA','1602','508-429-8576',NULL),(110,'tiffiny_steffensmeier@cox.net',NULL,'Tiffiny','Steffensmeier',NULL,NULL,'Miami','FL','33133','305-385-9695',NULL),(111,'emiceli@miceli.org',NULL,'Edna','Miceli',NULL,NULL,'Erie','PA','16502','814-460-2655',NULL),(112,'sue@aol.com',NULL,'Sue','Kownacki',NULL,NULL,'Charlotte','NC','28223','972-666-3413',NULL),(113,'jshin@shin.com',NULL,'Jesusa','Shin',NULL,NULL,'Tullahoma','TN','37388','931-273-8709',NULL),(114,'rolland@cox.net',NULL,'Rolland','Francescon',NULL,NULL,'Paterson','NJ','7501','973-649-2922',NULL),(115,'pamella.schmierer@schmierer.org',NULL,'Pamella','Schmierer',NULL,NULL,'Homestead','FL','33030','305-420-8970',NULL),(116,'gkulzer@kulzer.org',NULL,'Glory','Kulzer',NULL,NULL,'Owings Mills','MD','21117','410-224-9462',NULL),(117,'shawna_palaspas@palaspas.org',NULL,'Shawna','Palaspas',NULL,NULL,'Charlotte','NC','28223','805-275-3566',NULL),(118,'brandon_callaro@hotmail.com',NULL,'Brandon','Callaro',NULL,NULL,'Charlotte','NC','28223','808-215-6832',NULL),(119,'scarlet.cartan@yahoo.com',NULL,'Scarlet','Cartan',NULL,NULL,'Albany','GA','31701','229-735-3378',NULL),(120,'oretha_menter@yahoo.com',NULL,'Oretha','Menter',NULL,NULL,'Boston','MA','2210','617-418-5043',NULL),(121,'tsmith@aol.com',NULL,'Ty','Smith',NULL,NULL,'Hackensack','NJ','7601','201-672-1553',NULL),(122,'xuan@gmail.com',NULL,'Xuan','Rochin',NULL,NULL,'Charlotte','NC','28223','650-933-5072',NULL),(123,'lindsey.dilello@hotmail.com',NULL,'Lindsey','Dilello',NULL,NULL,'Charlotte','NC','28223','909-639-9887',NULL),(124,'devora_perez@perez.org',NULL,'Devora','Perez',NULL,NULL,'Charlotte','NC','28223','510-955-3016',NULL),(125,'hdemesa@cox.net',NULL,'Herman','Demesa',NULL,NULL,'Troy','NY','12180','518-497-2940',NULL),(126,'rpapasergi@cox.net',NULL,'Rory','Papasergi',NULL,NULL,'Clarks Summit','PA','18411','570-867-7489',NULL),(127,'talia_riopelle@aol.com',NULL,'Talia','Riopelle',NULL,NULL,'Orange','NJ','7050','973-245-2133',NULL),(128,'van.shire@shire.com',NULL,'Van','Shire',NULL,NULL,'Pittstown','NJ','8867','908-409-2890',NULL),(129,'lucina_lary@cox.net',NULL,'Lucina','Lary',NULL,NULL,'Cocoa','FL','32922','321-749-4981',NULL),(130,'bok.isaacs@aol.com',NULL,'Bok','Isaacs',NULL,NULL,'Bronx','NY','10468','718-809-3762',NULL),(131,'rolande.spickerman@spickerman.com',NULL,'Rolande','Spickerman',NULL,NULL,'Charlotte','NC','28223','808-315-3077',NULL),(132,'hpaulas@gmail.com',NULL,'Howard','Paulas',NULL,NULL,'Charlotte','NC','28223','303-623-4241',NULL),(133,'kimbery_madarang@cox.net',NULL,'Kimbery','Madarang',NULL,NULL,'Rockaway','NJ','7866','973-310-1634',NULL),(134,'thurman.manno@yahoo.com',NULL,'Thurman','Manno',NULL,NULL,'Absecon','NJ','8201','609-524-3586',NULL),(135,'becky.mirafuentes@mirafuentes.com',NULL,'Becky','Mirafuentes',NULL,NULL,'Plainfield','NJ','7062','908-877-8409',NULL),(136,'beatriz@yahoo.com',NULL,'Beatriz','Corrington',NULL,NULL,'Middleboro','MA','2346','508-584-4279',NULL),(137,'marti.maybury@yahoo.com',NULL,'Marti','Maybury',NULL,NULL,'Charlotte','NC','28223','773-775-4522',NULL),(138,'nieves_gotter@gmail.com',NULL,'Nieves','Gotter',NULL,NULL,'Charlotte','NC','28223','503-527-5274',NULL),(139,'lhagele@cox.net',NULL,'Leatha','Hagele',NULL,NULL,'Charlotte','NC','28223','214-339-1809',NULL),(140,'vklimek@klimek.org',NULL,'Valentin','Klimek',NULL,NULL,'Charlotte','NC','28223','312-303-5453',NULL),(141,'melissa@cox.net',NULL,'Melissa','Wiklund',NULL,NULL,'Charlotte','NC','28223','419-939-3613',NULL),(142,'sheridan.zane@zane.com',NULL,'Sheridan','Zane',NULL,NULL,'Charlotte','NC','28223','951-645-3605',NULL),(143,'bulah_padilla@hotmail.com',NULL,'Bulah','Padilla',NULL,NULL,'Charlotte','NC','28223','254-463-4368',NULL),(144,'audra@kohnert.com',NULL,'Audra','Kohnert',NULL,NULL,'Nashville','TN','37211','615-406-7854',NULL),(145,'dweirather@aol.com',NULL,'Daren','Weirather',NULL,NULL,'Charlotte','NC','28223','414-959-2540',NULL),(146,'fjillson@aol.com',NULL,'Fernanda','Jillson',NULL,NULL,'Preston','MD','21655','410-387-5260',NULL),(147,'gearldine_gellinger@gellinger.com',NULL,'Gearldine','Gellinger',NULL,NULL,'Charlotte','NC','28223','972-934-6914',NULL),(148,'chau@gmail.com',NULL,'Chau','Kitzman',NULL,NULL,'Charlotte','NC','28223','310-560-8022',NULL),(149,'theola_frey@frey.com',NULL,'Theola','Frey',NULL,NULL,'Massapequa','NY','11758','516-948-5768',NULL),(150,'cheryl@haroldson.org',NULL,'Cheryl','Haroldson',NULL,NULL,'Atlantic City','NJ','8401','609-518-7697',NULL),(151,'lmerced@gmail.com',NULL,'Laticia','Merced',NULL,NULL,'Charlotte','NC','28223','513-508-7371',NULL),(152,'carissa.batman@yahoo.com',NULL,'Carissa','Batman',NULL,NULL,'Charlotte','NC','28223','541-326-4074',NULL),(153,'lezlie.craghead@craghead.org',NULL,'Lezlie','Craghead',NULL,NULL,'Smithfield','NC','27577','919-533-3762',NULL),(154,'oshealy@hotmail.com',NULL,'Ozell','Shealy',NULL,NULL,'New York','NY','10002','212-332-8435',NULL),(155,'arminda@parvis.com',NULL,'Arminda','Parvis',NULL,NULL,'Charlotte','NC','28223','602-906-9419',NULL),(156,'reita.leto@gmail.com',NULL,'Reita','Leto',NULL,NULL,'Charlotte','NC','28223','317-234-1135',NULL),(157,'yolando@cox.net',NULL,'Yolando','Luczki',NULL,NULL,'Syracuse','NY','13214','315-304-4759',NULL),(158,'lizette.stem@aol.com',NULL,'Lizette','Stem',NULL,NULL,'Cherry Hill','NJ','8002','856-487-5412',NULL),(159,'gpawlowicz@yahoo.com',NULL,'Gregoria','Pawlowicz',NULL,NULL,'Garden City','NY','11530','516-212-1915',NULL),(160,'cdeleo@deleo.com',NULL,'Carin','Deleo',NULL,NULL,'Charlotte','NC','28223','501-308-1040',NULL),(161,'chantell@yahoo.com',NULL,'Chantell','Maynerich',NULL,NULL,'Charlotte','NC','28223','651-591-2583',NULL),(162,'dyum@yahoo.com',NULL,'Dierdre','Yum',NULL,NULL,'Philadelphia','PA','19134','215-325-3042',NULL),(163,'larae_gudroe@gmail.com',NULL,'Larae','Gudroe',NULL,NULL,'Charlotte','NC','28223','985-890-7262',NULL),(164,'latrice.tolfree@hotmail.com',NULL,'Latrice','Tolfree',NULL,NULL,'Ronkonkoma','NY','11779','631-957-7624',NULL),(165,'kerry.theodorov@gmail.com',NULL,'Kerry','Theodorov',NULL,NULL,'Charlotte','NC','28223','916-591-3277',NULL),(166,'dhidvegi@yahoo.com',NULL,'Dorthy','Hidvegi',NULL,NULL,'Charlotte','NC','28223','208-649-2373',NULL),(167,'fannie.lungren@yahoo.com',NULL,'Fannie','Lungren',NULL,NULL,'Charlotte','NC','28223','512-587-5746',NULL),(168,'evangelina@aol.com',NULL,'Evangelina','Radde',NULL,NULL,'Philadelphia','PA','19123','215-964-3284',NULL),(169,'novella_degroot@degroot.org',NULL,'Novella','Degroot',NULL,NULL,'Charlotte','NC','28223','808-477-4775',NULL),(170,'choa@hoa.org',NULL,'Clay','Hoa',NULL,NULL,'Charlotte','NC','28223','775-501-8109',NULL),(171,'jfallick@yahoo.com',NULL,'Jennifer','Fallick',NULL,NULL,'Charlotte','NC','28223','847-979-9545',NULL),(172,'irma.wolfgramm@hotmail.com',NULL,'Irma','Wolfgramm',NULL,NULL,'Randolph','NJ','7869','973-545-7355',NULL),(173,'eun@yahoo.com',NULL,'Eun','Coody',NULL,NULL,'Spartanburg','SC','29301','864-256-3620',NULL),(174,'sylvia_cousey@cousey.org',NULL,'Sylvia','Cousey',NULL,NULL,'Hampstead','MD','21074','410-209-9545',NULL),(175,'nana@aol.com',NULL,'Nana','Smith',NULL,NULL,'Mount Vernon','NY','10553','914-855-2115',NULL),(176,'layla.springe@cox.net',NULL,'Layla','Springe',NULL,NULL,'New York','NY','10011','212-260-3151',NULL),(177,'joesph_degonia@degonia.org',NULL,'Joesph','Degonia',NULL,NULL,'Charlotte','NC','28223','510-677-9785',NULL),(178,'annabelle.boord@cox.net',NULL,'Annabelle','Boord',NULL,NULL,'Concord','MA','1742','978-697-6263',NULL),(179,'stephaine@cox.net',NULL,'Stephaine','Vinning',NULL,NULL,'Charlotte','NC','28223','415-767-6596',NULL),(180,'nelida@gmail.com',NULL,'Nelida','Patel',NULL,NULL,'Paramus','NJ','7652','201-971-1638',NULL),(181,'marguerita.hiatt@gmail.com',NULL,'Marguerita','Hiatt',NULL,NULL,'Charlotte','NC','28223','925-634-7158',NULL),(182,'ccookey@cookey.org',NULL,'Carmela','Cookey',NULL,NULL,'Charlotte','NC','28223','773-494-4195',NULL),(183,'jbrideau@aol.com',NULL,'Junita','Brideau',NULL,NULL,'Cedar Grove','NJ','7009','973-943-3423',NULL),(184,'claribel_varriano@cox.net',NULL,'Claribel','Varriano',NULL,NULL,'Charlotte','NC','28223','419-544-4900',NULL),(185,'benton.skursky@aol.com',NULL,'Benton','Skursky',NULL,NULL,'Charlotte','NC','28223','310-579-2907',NULL),(186,'hillary.skulski@aol.com',NULL,'Hillary','Skulski',NULL,NULL,'Homosassa','FL','34448','352-242-2570',NULL),(187,'merilyn_bayless@cox.net',NULL,'Merilyn','Bayless',NULL,NULL,'Charlotte','NC','28223','408-758-5015',NULL),(188,'tennaco@gmail.com',NULL,'Teri','Ennaco',NULL,NULL,'Hazleton','PA','18201','570-889-5187',NULL),(189,'merlyn_lawler@hotmail.com',NULL,'Merlyn','Lawler',NULL,NULL,'Jersey City','NJ','7304','201-588-7810',NULL),(190,'gmontezuma@cox.net',NULL,'Georgene','Montezuma',NULL,NULL,'Charlotte','NC','28223','925-615-5185',NULL),(191,'jmconnell@hotmail.com',NULL,'Jettie','McConnell',NULL,NULL,'Bridgewater','NJ','8807','908-802-3564',NULL),(192,'lemuel.latzke@gmail.com',NULL,'Lemuel','Latzke',NULL,NULL,'Bohemia','NY','11716','631-748-6479',NULL),(193,'mknipp@gmail.com',NULL,'Melodie','Knipp',NULL,NULL,'Charlotte','NC','28223','805-690-1682',NULL),(194,'candida_corbley@hotmail.com',NULL,'Candida','Corbley',NULL,NULL,'Somerville','NJ','8876','908-275-8357',NULL),(195,'karan_karpin@gmail.com',NULL,'Karan','Karpin',NULL,NULL,'Charlotte','NC','28223','503-940-8327',NULL),(196,'andra@gmail.com',NULL,'Andra','Scheyer',NULL,NULL,'Charlotte','NC','28223','503-516-2189',NULL),(197,'fpoullion@poullion.com',NULL,'Felicidad','Poullion',NULL,NULL,'Riverton','NJ','8077','856-305-9731',NULL),(198,'belen_strassner@aol.com',NULL,'Belen','Strassner',NULL,NULL,'Douglasville','GA','30135','770-507-8791',NULL),(199,'gracia@melnyk.com',NULL,'Gracia','Melnyk',NULL,NULL,'Jacksonville','FL','32216','904-235-3633',NULL),(200,'jhanafan@gmail.com',NULL,'Jolanda','Hanafan',NULL,NULL,'Charlotte','NC','28223','207-458-9196',NULL),(201,'barrett.toyama@toyama.org',NULL,'Barrett','Toyama',NULL,NULL,'Charlotte','NC','28223','817-765-5781',NULL),(202,'helga_fredicks@yahoo.com',NULL,'Helga','Fredicks',NULL,NULL,'Buffalo','NY','14228','716-752-4114',NULL),(203,'apinilla@cox.net',NULL,'Ashlyn','Pinilla',NULL,NULL,'Opa Locka','FL','33054','305-670-9628',NULL),(204,'fausto_agramonte@yahoo.com',NULL,'Fausto','Agramonte',NULL,NULL,'New York','NY','10038','212-313-1783',NULL),(205,'ronny.caiafa@caiafa.org',NULL,'Ronny','Caiafa',NULL,NULL,'Philadelphia','PA','19103','215-605-7570',NULL),(206,'marge@gmail.com',NULL,'Marge','Limmel',NULL,NULL,'Crestview','FL','32536','850-430-1663',NULL),(207,'norah.waymire@gmail.com',NULL,'Norah','Waymire',NULL,NULL,'Charlotte','NC','28223','415-306-7897',NULL),(208,'aliza@aol.com',NULL,'Aliza','Baltimore',NULL,NULL,'Charlotte','NC','28223','408-504-3552',NULL),(209,'mpelkowski@pelkowski.org',NULL,'Mozell','Pelkowski',NULL,NULL,'Charlotte','NC','28223','650-947-1215',NULL),(210,'viola@gmail.com',NULL,'Viola','Bitsuie',NULL,NULL,'Charlotte','NC','28223','818-864-4875',NULL),(211,'femard@emard.com',NULL,'Franklyn','Emard',NULL,NULL,'Philadelphia','PA','19103','215-558-8189',NULL),(212,'willodean_konopacki@konopacki.org',NULL,'Willodean','Konopacki',NULL,NULL,'Charlotte','NC','28223','337-253-8384',NULL),(213,'beckie.silvestrini@silvestrini.com',NULL,'Beckie','Silvestrini',NULL,NULL,'Charlotte','NC','28223','313-533-4884',NULL),(214,'rgesick@gesick.org',NULL,'Rebecka','Gesick',NULL,NULL,'Charlotte','NC','28223','512-213-8574',NULL),(215,'frederica_blunk@gmail.com',NULL,'Frederica','Blunk',NULL,NULL,'Charlotte','NC','28223','214-428-2285',NULL),(216,'glen_bartolet@hotmail.com',NULL,'Glen','Bartolet',NULL,NULL,'Charlotte','NC','28223','206-697-5796',NULL),(217,'freeman_gochal@aol.com',NULL,'Freeman','Gochal',NULL,NULL,'Coatesville','PA','19320','610-476-3501',NULL),(218,'vincent.meinerding@hotmail.com',NULL,'Vincent','Meinerding',NULL,NULL,'Philadelphia','PA','19143','215-372-1718',NULL),(219,'rima@cox.net',NULL,'Rima','Bevelacqua',NULL,NULL,'Charlotte','NC','28223','310-858-5079',NULL),(220,'gsarbacher@gmail.com',NULL,'Glendora','Sarbacher',NULL,NULL,'Charlotte','NC','28223','707-653-8214',NULL),(221,'avery@cox.net',NULL,'Avery','Steier',NULL,NULL,'Orlando','FL','32803','407-808-9439',NULL),(222,'cristy@lother.com',NULL,'Cristy','Lother',NULL,NULL,'Charlotte','NC','28223','760-971-4322',NULL),(223,'nicolette_brossart@brossart.com',NULL,'Nicolette','Brossart',NULL,NULL,'Westborough','MA','1581','508-837-9230',NULL),(224,'tracey@hotmail.com',NULL,'Tracey','Modzelewski',NULL,NULL,'Charlotte','NC','28223','936-264-9294',NULL),(225,'virgina_tegarden@tegarden.com',NULL,'Virgina','Tegarden',NULL,NULL,'Charlotte','NC','28223','414-214-8697',NULL),(226,'tfrankel@aol.com',NULL,'Tiera','Frankel',NULL,NULL,'Charlotte','NC','28223','626-636-4117',NULL),(227,'alaine_bergesen@cox.net',NULL,'Alaine','Bergesen',NULL,NULL,'Yonkers','NY','10701','914-300-9193',NULL),(228,'earleen_mai@cox.net',NULL,'Earleen','Mai',NULL,NULL,'Charlotte','NC','28223','214-289-1973',NULL),(229,'leonida@gobern.org',NULL,'Leonida','Gobern',NULL,NULL,'Charlotte','NC','28223','228-235-5615',NULL),(230,'ressie.auffrey@yahoo.com',NULL,'Ressie','Auffrey',NULL,NULL,'Miami','FL','33134','305-604-8981',NULL),(231,'jmugnolo@yahoo.com',NULL,'Justine','Mugnolo',NULL,NULL,'New York','NY','10048','212-304-9225',NULL),(232,'eladia@saulter.com',NULL,'Eladia','Saulter',NULL,NULL,'Ramsey','NJ','7446','201-474-4924',NULL),(233,'chaya@malvin.com',NULL,'Chaya','Malvin',NULL,NULL,'Charlotte','NC','28223','734-928-5182',NULL),(234,'gwenn_suffield@suffield.org',NULL,'Gwenn','Suffield',NULL,NULL,'Deer Park','NY','11729','631-258-6558',NULL),(235,'skarpel@cox.net',NULL,'Salena','Karpel',NULL,NULL,'Charlotte','NC','28223','330-791-8557',NULL),(236,'yoko@fishburne.com',NULL,'Yoko','Fishburne',NULL,NULL,'Charlotte','NC','28223','203-506-4706',NULL),(237,'taryn.moyd@hotmail.com',NULL,'Taryn','Moyd',NULL,NULL,'Fairfax','VA','22030','703-322-4041',NULL),(238,'katina_polidori@aol.com',NULL,'Katina','Polidori',NULL,NULL,'Wilmington','MA','1887','978-626-2978',NULL),(239,'rickie.plumer@aol.com',NULL,'Rickie','Plumer',NULL,NULL,'Charlotte','NC','28223','419-693-1334',NULL),(240,'alex@loader.com',NULL,'Alex','Loader',NULL,NULL,'Charlotte','NC','28223','253-660-7821',NULL),(241,'lashon@aol.com',NULL,'Lashon','Vizarro',NULL,NULL,'Charlotte','NC','28223','916-741-7884',NULL),(242,'lburnard@burnard.com',NULL,'Lauran','Burnard',NULL,NULL,'Charlotte','NC','28223','307-342-7795',NULL),(243,'ceola.setter@setter.org',NULL,'Ceola','Setter',NULL,NULL,'Charlotte','NC','28223','207-627-7565',NULL),(244,'my@hotmail.com',NULL,'My','Rantanen',NULL,NULL,'Richboro','PA','18954','215-491-5633',NULL),(245,'lorrine.worlds@worlds.com',NULL,'Lorrine','Worlds',NULL,NULL,'Tampa','FL','33614','813-769-2939',NULL),(246,'peggie@cox.net',NULL,'Peggie','Sturiale',NULL,NULL,'Charlotte','NC','28223','619-608-1763',NULL),(247,'mraymo@yahoo.com',NULL,'Marvel','Raymo',NULL,NULL,'Charlotte','NC','28223','979-718-8968',NULL),(248,'daron_dinos@cox.net',NULL,'Daron','Dinos',NULL,NULL,'Charlotte','NC','28223','847-233-3075',NULL),(249,'an_fritz@hotmail.com',NULL,'An','Fritz',NULL,NULL,'Atlantic City','NJ','8401','609-228-5265',NULL),(250,'portia.stimmel@aol.com',NULL,'Portia','Stimmel',NULL,NULL,'Bridgewater','NJ','8807','908-722-7128',NULL),(251,'rhea_aredondo@cox.net',NULL,'Rhea','Aredondo',NULL,NULL,'Brooklyn','NY','11226','718-560-9537',NULL),(252,'bsama@cox.net',NULL,'Benedict','Sama',NULL,NULL,'Charlotte','NC','28223','314-787-1588',NULL),(253,'alyce@arias.org',NULL,'Alyce','Arias',NULL,NULL,'Charlotte','NC','28223','209-317-1801',NULL),(254,'heike@gmail.com',NULL,'Heike','Berganza',NULL,NULL,'Little Falls','NJ','7424','973-936-5095',NULL),(255,'carey_dopico@dopico.org',NULL,'Carey','Dopico',NULL,NULL,'Charlotte','NC','28223','317-578-2453',NULL),(256,'dottie@hellickson.org',NULL,'Dottie','Hellickson',NULL,NULL,'Charlotte','NC','28223','206-540-6076',NULL),(257,'deandrea@yahoo.com',NULL,'Deandrea','Hughey',NULL,NULL,'Burlington','NC','27215','336-822-7652',NULL),(258,'kimberlie_duenas@yahoo.com',NULL,'Kimberlie','Duenas',NULL,NULL,'Charlotte','NC','28223','785-629-8542',NULL),(259,'martina_staback@staback.com',NULL,'Martina','Staback',NULL,NULL,'Orlando','FL','32822','407-471-6908',NULL),(260,'skye_fillingim@yahoo.com',NULL,'Skye','Fillingim',NULL,NULL,'Charlotte','NC','28223','612-508-2655',NULL),(261,'jade.farrar@yahoo.com',NULL,'Jade','Farrar',NULL,NULL,'Columbia','SC','29201','803-352-5387',NULL),(262,'charlene.hamilton@hotmail.com',NULL,'Charlene','Hamilton',NULL,NULL,'Charlotte','NC','28223','707-300-1771',NULL),(263,'geoffrey@gmail.com',NULL,'Geoffrey','Acey',NULL,NULL,'Charlotte','NC','28223','847-222-1734',NULL),(264,'stevie.westerbeck@yahoo.com',NULL,'Stevie','Westerbeck',NULL,NULL,'Charlotte','NC','28223','949-867-4077',NULL),(265,'pamella@fortino.com',NULL,'Pamella','Fortino',NULL,NULL,'Charlotte','NC','28223','303-404-2210',NULL),(266,'hhaufler@hotmail.com',NULL,'Harrison','Haufler',NULL,NULL,'Charlotte','NC','28223','203-801-6193',NULL),(267,'jengelberg@engelberg.org',NULL,'Johnna','Engelberg',NULL,NULL,'Charlotte','NC','28223','425-986-7573',NULL),(268,'buddy.cloney@yahoo.com',NULL,'Buddy','Cloney',NULL,NULL,'Charlotte','NC','28223','440-989-5826',NULL),(269,'dalene.riden@aol.com',NULL,'Dalene','Riden',NULL,NULL,'Charlotte','NC','28223','603-315-6839',NULL),(270,'jzurcher@zurcher.org',NULL,'Jerry','Zurcher',NULL,NULL,'Satellite Beach','FL','32937','321-518-5938',NULL),(271,'hdenooyer@denooyer.org',NULL,'Haydee','Denooyer',NULL,NULL,'New York','NY','10016','212-792-8658',NULL),(272,'joseph_cryer@cox.net',NULL,'Joseph','Cryer',NULL,NULL,'Charlotte','NC','28223','714-584-2237',NULL),(273,'deonna_kippley@hotmail.com',NULL,'Deonna','Kippley',NULL,NULL,'Charlotte','NC','28223','248-913-4677',NULL),(274,'raymon.calvaresi@gmail.com',NULL,'Raymon','Calvaresi',NULL,NULL,'Charlotte','NC','28223','317-825-4724',NULL),(275,'alecia@aol.com',NULL,'Alecia','Bubash',NULL,NULL,'Charlotte','NC','28223','940-276-7922',NULL),(276,'mlayous@hotmail.com',NULL,'Ma','Layous',NULL,NULL,'Charlotte','NC','28223','203-721-3388',NULL),(277,'detra@aol.com',NULL,'Detra','Coyier',NULL,NULL,'Aberdeen','MD','21001','410-739-9277',NULL),(278,'terrilyn.rodeigues@cox.net',NULL,'Terrilyn','Rodeigues',NULL,NULL,'Charlotte','NC','28223','504-463-4384',NULL),(279,'slacovara@gmail.com',NULL,'Salome','Lacovara',NULL,NULL,'Richmond','VA','23219','804-550-5097',NULL),(280,'garry_keetch@hotmail.com',NULL,'Garry','Keetch',NULL,NULL,'Southampton','PA','18966','215-979-8776',NULL),(281,'mneither@yahoo.com',NULL,'Matthew','Neither',NULL,NULL,'Charlotte','NC','28223','952-651-7597',NULL),(282,'theodora.restrepo@restrepo.com',NULL,'Theodora','Restrepo',NULL,NULL,'Miami','FL','33136','305-936-8226',NULL),(283,'noah.kalafatis@aol.com',NULL,'Noah','Kalafatis',NULL,NULL,'Charlotte','NC','28223','414-263-5287',NULL),(284,'csweigard@sweigard.com',NULL,'Carmen','Sweigard',NULL,NULL,'Somerset','NJ','8873','732-941-2621',NULL),(285,'lavonda@cox.net',NULL,'Lavonda','Hengel',NULL,NULL,'Charlotte','NC','28223','701-898-2154',NULL),(286,'junita@aol.com',NULL,'Junita','Stoltzman',NULL,NULL,'Charlotte','NC','28223','775-638-9963',NULL),(287,'herminia@nicolozakes.org',NULL,'Herminia','Nicolozakes',NULL,NULL,'Charlotte','NC','28223','602-954-5141',NULL),(288,'casie.good@aol.com',NULL,'Casie','Good',NULL,NULL,'Nashville','TN','37211','615-390-2251',NULL),(289,'reena@hotmail.com',NULL,'Reena','Maisto',NULL,NULL,'Salisbury','MD','21801','410-351-1863',NULL),(290,'mirta_mallett@gmail.com',NULL,'Mirta','Mallett',NULL,NULL,'New York','NY','10004','212-870-1286',NULL),(291,'cathrine.pontoriero@pontoriero.com',NULL,'Cathrine','Pontoriero',NULL,NULL,'Charlotte','NC','28223','806-703-1435',NULL),(292,'ftawil@hotmail.com',NULL,'Filiberto','Tawil',NULL,NULL,'Charlotte','NC','28223','323-765-2528',NULL),(293,'rupthegrove@yahoo.com',NULL,'Raul','Upthegrove',NULL,NULL,'Charlotte','NC','28223','619-509-5282',NULL),(294,'sarah.candlish@gmail.com',NULL,'Sarah','Candlish',NULL,NULL,'Atlanta','GA','30328','770-732-1194',NULL),(295,'lucy@cox.net',NULL,'Lucy','Treston',NULL,NULL,'Worcester','MA','1602','508-769-5250',NULL),(296,'jaquas@aquas.com',NULL,'Judy','Aquas',NULL,NULL,'Charlotte','NC','28223','269-756-7222',NULL),(297,'yvonne.tjepkema@hotmail.com',NULL,'Yvonne','Tjepkema',NULL,NULL,'Fairfield','NJ','7004','973-714-1721',NULL),(298,'kayleigh.lace@yahoo.com',NULL,'Kayleigh','Lace',NULL,NULL,'Charlotte','NC','28223','337-740-9323',NULL),(299,'felix_hirpara@cox.net',NULL,'Felix','Hirpara',NULL,NULL,'Denver','PA','17517','717-491-5643',NULL),(300,'tresa_sweely@hotmail.com',NULL,'Tresa','Sweely',NULL,NULL,'Charlotte','NC','28223','314-359-9566',NULL),(301,'kristeen@gmail.com',NULL,'Kristeen','Turinetti',NULL,NULL,'Charlotte','NC','28223','817-213-8851',NULL),(302,'jregusters@regusters.com',NULL,'Jenelle','Regusters',NULL,NULL,'Tampa','FL','33619','813-932-8715',NULL),(303,'renea@hotmail.com',NULL,'Renea','Monterrubio',NULL,NULL,'Atlanta','GA','30328','770-679-4752',NULL),(304,'olive@aol.com',NULL,'Olive','Matuszak',NULL,NULL,'Charlotte','NC','28223','760-938-6069',NULL),(305,'lreiber@cox.net',NULL,'Ligia','Reiber',NULL,NULL,'Charlotte','NC','28223','517-906-1108',NULL),(306,'christiane.eschberger@yahoo.com',NULL,'Christiane','Eschberger',NULL,NULL,'Charlotte','NC','28223','602-390-4944',NULL),(307,'goldie.schirpke@yahoo.com',NULL,'Goldie','Schirpke',NULL,NULL,'Charlotte','NC','28223','207-295-7569',NULL),(308,'loreta.timenez@hotmail.com',NULL,'Loreta','Timenez',NULL,NULL,'Clinton','MD','20735','301-696-6420',NULL),(309,'fabiola.hauenstein@hauenstein.org',NULL,'Fabiola','Hauenstein',NULL,NULL,'York','PA','17404','717-809-3119',NULL),(310,'amie.perigo@yahoo.com',NULL,'Amie','Perigo',NULL,NULL,'Charlotte','NC','28223','972-419-7946',NULL),(311,'raina.brachle@brachle.org',NULL,'Raina','Brachle',NULL,NULL,'Huntersville','NC','28070','406-318-1515',NULL),(312,'erinn.canlas@canlas.com',NULL,'Erinn','Canlas',NULL,NULL,'Livingston','NJ','7039','973-767-3008',NULL),(313,'cherry@lietz.com',NULL,'Cherry','Lietz',NULL,NULL,'Huntersville','NC','28070','248-980-6904',NULL),(314,'kattie@vonasek.org',NULL,'Kattie','Vonasek',NULL,NULL,'Huntersville','NC','28070','216-923-3715',NULL),(315,'lilli@aol.com',NULL,'Lilli','Scriven',NULL,NULL,'Huntersville','NC','28070','325-631-1560',NULL),(316,'whitley.tomasulo@aol.com',NULL,'Whitley','Tomasulo',NULL,NULL,'Huntersville','NC','28070','817-526-4408',NULL),(317,'badkin@hotmail.com',NULL,'Barbra','Adkin',NULL,NULL,'Brooklyn','NY','11230','718-201-3751',NULL),(318,'hermila_thyberg@hotmail.com',NULL,'Hermila','Thyberg',NULL,NULL,'Providence','RI','2903','401-893-4882',NULL),(319,'jesusita.flister@hotmail.com',NULL,'Jesusita','Flister',NULL,NULL,'Lancaster','PA','17601','717-885-9118',NULL),(320,'caitlin.julia@julia.org',NULL,'Caitlin','Julia',NULL,NULL,'Johnston','RI','2919','401-948-4982',NULL),(321,'roosevelt.hoffis@aol.com',NULL,'Roosevelt','Hoffis',NULL,NULL,'Hialeah','FL','33014','305-622-4739',NULL),(322,'hhalter@yahoo.com',NULL,'Helaine','Halter',NULL,NULL,'Jersey City','NJ','7304','201-832-4168',NULL),(323,'lorean.martabano@hotmail.com',NULL,'Lorean','Martabano',NULL,NULL,'Huntersville','NC','28070','210-856-4979',NULL),(324,'france.buzick@yahoo.com',NULL,'France','Buzick',NULL,NULL,'Brooklyn','NY','11219','718-478-8504',NULL),(325,'jferrario@hotmail.com',NULL,'Justine','Ferrario',NULL,NULL,'Huntersville','NC','28070','909-993-3242',NULL),(326,'adelina_nabours@gmail.com',NULL,'Adelina','Nabours',NULL,NULL,'Huntersville','NC','28070','216-230-4892',NULL),(327,'ddhamer@cox.net',NULL,'Derick','Dhamer',NULL,NULL,'New York','NY','10013','212-304-4515',NULL),(328,'jerry.dallen@yahoo.com',NULL,'Jerry','Dallen',NULL,NULL,'Richmond','VA','23219','804-762-9576',NULL),(329,'leota.ragel@gmail.com',NULL,'Leota','Ragel',NULL,NULL,'Trion','GA','30753','706-221-4243',NULL),(330,'jamyot@hotmail.com',NULL,'Jutta','Amyot',NULL,NULL,'Huntersville','NC','28070','337-515-1438',NULL),(331,'aja_gehrett@hotmail.com',NULL,'Aja','Gehrett',NULL,NULL,'Nutley','NJ','7110','973-544-2677',NULL),(332,'kirk.herritt@aol.com',NULL,'Kirk','Herritt',NULL,NULL,'Vestal','NY','13850','607-407-3716',NULL),(333,'leonora@yahoo.com',NULL,'Leonora','Mauson',NULL,NULL,'Passaic','NJ','7055','973-412-2995',NULL),(334,'winfred_brucato@hotmail.com',NULL,'Winfred','Brucato',NULL,NULL,'Huntersville','NC','28070','208-252-4552',NULL),(335,'tarra.nachor@cox.net',NULL,'Tarra','Nachor',NULL,NULL,'Huntersville','NC','28070','415-411-1775',NULL),(336,'corinne@loder.org',NULL,'Corinne','Loder',NULL,NULL,'North Attleboro','MA','2760','508-942-4186',NULL),(337,'dulce_labreche@yahoo.com',NULL,'Dulce','Labreche',NULL,NULL,'Huntersville','NC','28070','248-357-8718',NULL),(338,'kate_keneipp@yahoo.com',NULL,'Kate','Keneipp',NULL,NULL,'Huntersville','NC','28070','920-353-6377',NULL),(339,'kaitlyn.ogg@gmail.com',NULL,'Kaitlyn','Ogg',NULL,NULL,'Baltimore','MD','21230','410-665-4903',NULL),(340,'sherita.saras@cox.net',NULL,'Sherita','Saras',NULL,NULL,'Huntersville','NC','28070','719-669-1664',NULL),(341,'lstuer@cox.net',NULL,'Lashawnda','Stuer',NULL,NULL,'Huntersville','NC','28070','419-588-8719',NULL),(342,'ernest@cox.net',NULL,'Ernest','Syrop',NULL,NULL,'Hyattsville','MD','20785','301-998-9644',NULL),(343,'nobuko.halsey@yahoo.com',NULL,'Nobuko','Halsey',NULL,NULL,'New Bedford','MA','2745','508-855-9887',NULL),(344,'lavonna.wolny@hotmail.com',NULL,'Lavonna','Wolny',NULL,NULL,'Mc Lean','VA','22102','703-483-1970',NULL),(345,'llizama@cox.net',NULL,'Lashaunda','Lizama',NULL,NULL,'Hanover','MD','21076','410-678-2473',NULL),(346,'mariann.bilden@aol.com',NULL,'Mariann','Bilden',NULL,NULL,'Huntersville','NC','28070','512-223-4791',NULL),(347,'helene@aol.com',NULL,'Helene','Rodenberger',NULL,NULL,'Huntersville','NC','28070','623-461-8551',NULL),(348,'roselle.estell@hotmail.com',NULL,'Roselle','Estell',NULL,NULL,'Huntersville','NC','28070','419-571-5920',NULL),(349,'sheintzman@hotmail.com',NULL,'Samira','Heintzman',NULL,NULL,'Huntersville','NC','28070','206-311-4137',NULL),(350,'margart_meisel@yahoo.com',NULL,'Margart','Meisel',NULL,NULL,'Huntersville','NC','28070','513-617-2362',NULL),(351,'kristofer.bennick@yahoo.com',NULL,'Kristofer','Bennick',NULL,NULL,'Huntersville','NC','28070','812-368-1511',NULL),(352,'wacuff@gmail.com',NULL,'Weldon','Acuff',NULL,NULL,'Huntersville','NC','28070','847-353-2156',NULL),(353,'shalon@cox.net',NULL,'Shalon','Shadrick',NULL,NULL,'Brooklyn','NY','11223','718-232-2337',NULL),(354,'denise@patak.org',NULL,'Denise','Patak',NULL,NULL,'Orlando','FL','32801','407-446-4358',NULL),(355,'louvenia.beech@beech.com',NULL,'Louvenia','Beech',NULL,NULL,'Huntersville','NC','28070','310-820-2117',NULL),(356,'audry.yaw@yaw.org',NULL,'Audry','Yaw',NULL,NULL,'Brandon','FL','33511','813-797-4816',NULL),(357,'kristel.ehmann@aol.com',NULL,'Kristel','Ehmann',NULL,NULL,'Huntersville','NC','28070','915-452-1290',NULL),(358,'vzepp@gmail.com',NULL,'Vincenza','Zepp',NULL,NULL,'Huntersville','NC','28070','619-603-5125',NULL),(359,'egwalthney@yahoo.com',NULL,'Elouise','Gwalthney',NULL,NULL,'Bladensburg','MD','20710','301-841-5012',NULL),(360,'venita_maillard@gmail.com',NULL,'Venita','Maillard',NULL,NULL,'Huntersville','NC','28070','714-523-6653',NULL),(361,'kasandra_semidey@semidey.com',NULL,'Kasandra','Semidey',NULL,NULL,'Huntersville','NC','28070','314-732-9131',NULL),(362,'xdiscipio@gmail.com',NULL,'Xochitl','Discipio',NULL,NULL,'Huntersville','NC','28070','512-233-1831',NULL),(363,'mlinahan@yahoo.com',NULL,'Maile','Linahan',NULL,NULL,'Greensboro','NC','27409','336-670-2640',NULL),(364,'krauser@cox.net',NULL,'Krissy','Rauser',NULL,NULL,'Coram','NY','11727','631-443-4710',NULL),(365,'pdubaldi@hotmail.com',NULL,'Pete','Dubaldi',NULL,NULL,'Lyndhurst','NJ','7071','201-825-2514',NULL),(366,'linn_paa@paa.com',NULL,'Linn','Paa',NULL,NULL,'Memphis','TN','38112','901-412-4381',NULL),(367,'paris@hotmail.com',NULL,'Paris','Wide',NULL,NULL,'Atlanta','GA','30342','404-505-4445',NULL),(368,'wynell_dorshorst@dorshorst.org',NULL,'Wynell','Dorshorst',NULL,NULL,'Huntersville','NC','28070','650-473-1262',NULL),(369,'qbirkner@aol.com',NULL,'Quentin','Birkner',NULL,NULL,'Huntersville','NC','28070','952-702-7993',NULL),(370,'regenia.kannady@cox.net',NULL,'Regenia','Kannady',NULL,NULL,'Huntersville','NC','28070','480-726-1280',NULL),(371,'sheron@aol.com',NULL,'Sheron','Louissant',NULL,NULL,'Long Island City','NY','11101','718-976-8610',NULL),(372,'izetta.funnell@hotmail.com',NULL,'Izetta','Funnell',NULL,NULL,'Atlanta','GA','30340','770-844-3447',NULL),(373,'rodolfo@hotmail.com',NULL,'Rodolfo','Butzen',NULL,NULL,'Huntersville','NC','28070','507-210-3510',NULL),(374,'zona@hotmail.com',NULL,'Zona','Colla',NULL,NULL,'Huntersville','NC','28070','203-461-1949',NULL),(375,'szagen@aol.com',NULL,'Serina','Zagen',NULL,NULL,'Huntersville','NC','28070','260-273-3725',NULL),(376,'paz_sahagun@cox.net',NULL,'Paz','Sahagun',NULL,NULL,'Huntersville','NC','28070','601-927-8287',NULL),(377,'markus@yahoo.com',NULL,'Markus','Lukasik',NULL,NULL,'Huntersville','NC','28070','586-970-7380',NULL),(378,'jaclyn@aol.com',NULL,'Jaclyn','Bachman',NULL,NULL,'Huntersville','NC','28070','719-853-3600',NULL),(379,'cyril_daufeldt@daufeldt.com',NULL,'Cyril','Daufeldt',NULL,NULL,'New York','NY','10013','212-745-8484',NULL),(380,'gschnitzler@gmail.com',NULL,'Gayla','Schnitzler',NULL,NULL,'Huntersville','NC','28070','510-686-3407',NULL),(381,'erick_nievas@aol.com',NULL,'Erick','Nievas',NULL,NULL,'Huntersville','NC','28070','773-704-9903',NULL),(382,'jennie@cox.net',NULL,'Jennie','Drymon',NULL,NULL,'Scranton','PA','18509','570-218-4831',NULL),(383,'mscipione@scipione.com',NULL,'Mitsue','Scipione',NULL,NULL,'Huntersville','NC','28070','530-986-9272',NULL),(384,'cventura@yahoo.com',NULL,'Ciara','Ventura',NULL,NULL,'Port Jervis','NY','12771','845-823-8877',NULL),(385,'galen@yahoo.com',NULL,'Galen','Cantres',NULL,NULL,'Huntersville','NC','28070','216-600-6111',NULL),(386,'tfeichtner@yahoo.com',NULL,'Truman','Feichtner',NULL,NULL,'Bloomfield','NJ','7003','973-852-2736',NULL),(387,'gail@kitty.com',NULL,'Gail','Kitty',NULL,NULL,'Huntersville','NC','28070','907-435-9166',NULL),(388,'dalene@schoeneck.org',NULL,'Dalene','Schoeneck',NULL,NULL,'Philadelphia','PA','19102','215-268-1275',NULL),(389,'gertude.witten@gmail.com',NULL,'Gertude','Witten',NULL,NULL,'Salisbury','NC','28144','513-977-7043',NULL),(390,'lizbeth@yahoo.com',NULL,'Lizbeth','Kohl',NULL,NULL,'Salisbury','NC','28144','310-699-1222',NULL),(391,'gberray@gmail.com',NULL,'Glenn','Berray',NULL,NULL,'Salisbury','NC','28144','515-370-7348',NULL),(392,'lashandra@yahoo.com',NULL,'Lashandra','Klang',NULL,NULL,'King of Prussia','PA','19406','610-809-1818',NULL),(393,'lnewville@newville.com',NULL,'Lenna','Newville',NULL,NULL,'Raleigh','NC','27601','919-623-2524',NULL),(394,'laurel@yahoo.com',NULL,'Laurel','Pagliuca',NULL,NULL,'Salisbury','NC','28144','509-695-5199',NULL),(395,'mireya.frerking@hotmail.com',NULL,'Mireya','Frerking',NULL,NULL,'Pelham','NY','10803','914-868-5965',NULL),(396,'annelle@yahoo.com',NULL,'Annelle','Tagala',NULL,NULL,'Parkville','MD','21234','410-757-1035',NULL),(397,'dean_ketelsen@gmail.com',NULL,'Dean','Ketelsen',NULL,NULL,'Hicksville','NY','11801','516-847-4418',NULL),(398,'levi.munis@gmail.com',NULL,'Levi','Munis',NULL,NULL,'Worcester','MA','1603','508-456-4907',NULL),(399,'sylvie@aol.com',NULL,'Sylvie','Ryser',NULL,NULL,'Salisbury','NC','28144','918-644-9555',NULL),(400,'sharee_maile@aol.com',NULL,'Sharee','Maile',NULL,NULL,'Salisbury','NC','28144','231-467-9978',NULL),(401,'cordelia_storment@aol.com',NULL,'Cordelia','Storment',NULL,NULL,'Salisbury','NC','28144','337-566-6001',NULL),(402,'mollie_mcdoniel@yahoo.com',NULL,'Mollie','Mcdoniel',NULL,NULL,'Salisbury','NC','28144','419-975-3182',NULL),(403,'brett.mccullan@mccullan.com',NULL,'Brett','Mccullan',NULL,NULL,'Salisbury','NC','28144','619-461-9984',NULL),(404,'teddy_pedrozo@aol.com',NULL,'Teddy','Pedrozo',NULL,NULL,'Salisbury','NC','28144','203-892-3863',NULL),(405,'tasia_andreason@yahoo.com',NULL,'Tasia','Andreason',NULL,NULL,'Kearny','NJ','7032','201-920-9002',NULL),(406,'hubert@walthall.org',NULL,'Hubert','Walthall',NULL,NULL,'Salisbury','NC','28144','330-903-1345',NULL),(407,'arthur.farrow@yahoo.com',NULL,'Arthur','Farrow',NULL,NULL,'Englewood','NJ','7631','201-238-5688',NULL),(408,'vberlanga@berlanga.com',NULL,'Vilma','Berlanga',NULL,NULL,'Salisbury','NC','28144','616-737-3085',NULL),(409,'billye_miro@cox.net',NULL,'Billye','Miro',NULL,NULL,'Salisbury','NC','28144','601-567-5386',NULL),(410,'glenna_slayton@cox.net',NULL,'Glenna','Slayton',NULL,NULL,'Memphis','TN','38118','901-640-9178',NULL),(411,'mitzie_hudnall@yahoo.com',NULL,'Mitzie','Hudnall',NULL,NULL,'Salisbury','NC','28144','303-402-1940',NULL),(412,'bernardine_rodefer@yahoo.com',NULL,'Bernardine','Rodefer',NULL,NULL,'Memphis','TN','38112','901-901-4726',NULL),(413,'staci_schmaltz@aol.com',NULL,'Staci','Schmaltz',NULL,NULL,'Salisbury','NC','28144','626-866-2339',NULL),(414,'nichelle_meteer@meteer.com',NULL,'Nichelle','Meteer',NULL,NULL,'Salisbury','NC','28144','773-225-9985',NULL),(415,'jrhoden@yahoo.com',NULL,'Janine','Rhoden',NULL,NULL,'Astoria','NY','11103','718-228-5894',NULL),(416,'ettie.hoopengardner@hotmail.com',NULL,'Ettie','Hoopengardner',NULL,NULL,'Salisbury','NC','28144','509-755-5393',NULL),(417,'eden_jayson@yahoo.com',NULL,'Eden','Jayson',NULL,NULL,'Baltimore','MD','21202','410-890-7866',NULL),(418,'lynelle_auber@gmail.com',NULL,'Lynelle','Auber',NULL,NULL,'Newark','NJ','7104','973-860-8610',NULL),(419,'merissa.tomblin@gmail.com',NULL,'Merissa','Tomblin',NULL,NULL,'Salisbury','NC','28144','562-579-6900',NULL),(420,'golda_kaniecki@yahoo.com',NULL,'Golda','Kaniecki',NULL,NULL,'Toms River','NJ','8755','732-628-9909',NULL),(421,'catarina_gleich@hotmail.com',NULL,'Catarina','Gleich',NULL,NULL,'Denville','NJ','7834','973-210-3994',NULL),(422,'vkiel@hotmail.com',NULL,'Virgie','Kiel',NULL,NULL,'Salisbury','NC','28144','303-776-7548',NULL),(423,'jolene@yahoo.com',NULL,'Jolene','Ostolaza',NULL,NULL,'Newport News','VA','23608','757-682-7116',NULL),(424,'keneth@yahoo.com',NULL,'Keneth','Borgman',NULL,NULL,'Salisbury','NC','28144','602-919-4211',NULL),(425,'rikki@nayar.com',NULL,'Rikki','Nayar',NULL,NULL,'Miami','FL','33155','305-968-9487',NULL),(426,'elke_sengbusch@yahoo.com',NULL,'Elke','Sengbusch',NULL,NULL,'Salisbury','NC','28144','602-896-2993',NULL),(427,'hoa@sarao.org',NULL,'Hoa','Sarao',NULL,NULL,'Oak Hill','FL','32759','386-526-7800',NULL),(428,'trinidad_mcrae@yahoo.com',NULL,'Trinidad','Mcrae',NULL,NULL,'Salisbury','NC','28144','415-331-9634',NULL),(429,'mari_lueckenbach@yahoo.com',NULL,'Mari','Lueckenbach',NULL,NULL,'Salisbury','NC','28144','858-793-9684',NULL),(430,'selma.husser@cox.net',NULL,'Selma','Husser',NULL,NULL,'Jersey City','NJ','7306','201-991-8369',NULL),(431,'aonofrio@onofrio.com',NULL,'Antione','Onofrio',NULL,NULL,'Salisbury','NC','28144','909-430-7765',NULL),(432,'ljurney@hotmail.com',NULL,'Luisa','Jurney',NULL,NULL,'Cambridge','MA','2138','617-365-2134',NULL),(433,'clorinda.heimann@hotmail.com',NULL,'Clorinda','Heimann',NULL,NULL,'Salisbury','NC','28144','760-291-5497',NULL),(434,'dick@yahoo.com',NULL,'Dick','Wenzinger',NULL,NULL,'Salisbury','NC','28144','310-510-9713',NULL),(435,'ahmed.angalich@angalich.com',NULL,'Ahmed','Angalich',NULL,NULL,'Harrisburg','PA','17110','717-528-8996',NULL),(436,'iluminada.ohms@yahoo.com',NULL,'Iluminada','Ohms',NULL,NULL,'Salisbury','NC','28144','480-293-2882',NULL),(437,'joanna_leinenbach@hotmail.com',NULL,'Joanna','Leinenbach',NULL,NULL,'Lake Worth','FL','33461','561-470-4574',NULL),(438,'caprice@aol.com',NULL,'Caprice','Suell',NULL,NULL,'Nashville','TN','37211','615-246-1824',NULL),(439,'stephane_myricks@cox.net',NULL,'Stephane','Myricks',NULL,NULL,'Salisbury','NC','28144','859-717-7638',NULL),(440,'quentin_swayze@yahoo.com',NULL,'Quentin','Swayze',NULL,NULL,'Salisbury','NC','28144','734-561-6170',NULL),(441,'annmarie_castros@gmail.com',NULL,'Annmarie','Castros',NULL,NULL,'Salisbury','NC','28144','936-751-7961',NULL),(442,'shonda_greenbush@cox.net',NULL,'Shonda','Greenbush',NULL,NULL,'Clifton','NJ','7011','973-482-2430',NULL),(443,'clapage@lapage.com',NULL,'Cecil','Lapage',NULL,NULL,'Union City','NJ','7087','201-693-3967',NULL),(444,'jeanice.claucherty@yahoo.com',NULL,'Jeanice','Claucherty',NULL,NULL,'Miami','FL','33142','305-988-4162',NULL),(445,'josphine_villanueva@villanueva.com',NULL,'Josphine','Villanueva',NULL,NULL,'Moss','TN','38575','931-553-9774',NULL),(446,'dperruzza@perruzza.com',NULL,'Daniel','Perruzza',NULL,NULL,'Salisbury','NC','28144','714-771-3880',NULL),(447,'cassi.wildfong@aol.com',NULL,'Cassi','Wildfong',NULL,NULL,'Salisbury','NC','28144','847-633-3216',NULL),(448,'britt@galam.org',NULL,'Britt','Galam',NULL,NULL,'Hatfield','PA','19440','215-888-3304',NULL),(449,'adell.lipkin@lipkin.com',NULL,'Adell','Lipkin',NULL,NULL,'Whippany','NJ','7981','973-654-1561',NULL),(450,'jacqueline.rowling@yahoo.com',NULL,'Jacqueline','Rowling',NULL,NULL,'Erie','PA','16501','814-865-8113',NULL),(451,'lonny_weglarz@gmail.com',NULL,'Lonny','Weglarz',NULL,NULL,'Salisbury','NC','28144','801-293-9853',NULL),(452,'lonna_diestel@gmail.com',NULL,'Lonna','Diestel',NULL,NULL,'Fayetteville','NC','28301','910-922-3672',NULL),(453,'cristal@cox.net',NULL,'Cristal','Samara',NULL,NULL,'Salisbury','NC','28144','213-975-8026',NULL),(454,'kenneth.grenet@grenet.org',NULL,'Kenneth','Grenet',NULL,NULL,'Salisbury','NC','28144','517-499-2322',NULL),(455,'emclaird@mclaird.com',NULL,'Elli','Mclaird',NULL,NULL,'Utica','NY','13501','315-818-2638',NULL),(456,'ajeanty@gmail.com',NULL,'Alline','Jeanty',NULL,NULL,'Salisbury','NC','28144','574-656-2800',NULL),(457,'sharika.eanes@aol.com',NULL,'Sharika','Eanes',NULL,NULL,'Orlando','FL','32806','407-312-1691',NULL),(458,'nu@gmail.com',NULL,'Nu','Mcnease',NULL,NULL,'Harrison','NJ','7029','973-751-9003',NULL),(459,'dcomnick@cox.net',NULL,'Daniela','Comnick',NULL,NULL,'Trenton','NJ','8611','609-200-8577',NULL),(460,'cecilia_colaizzo@colaizzo.com',NULL,'Cecilia','Colaizzo',NULL,NULL,'Salisbury','NC','28144','608-382-4541',NULL),(461,'leslie@cox.net',NULL,'Leslie','Threets',NULL,NULL,'Katonah','NY','10536','914-861-9748',NULL),(462,'nan@koppinger.com',NULL,'Nan','Koppinger',NULL,NULL,'Greensboro','NC','27401','336-370-5333',NULL),(463,'idewar@dewar.com',NULL,'Izetta','Dewar',NULL,NULL,'Baltimore','MD','21217','410-473-1708',NULL),(464,'tegan.arceo@arceo.org',NULL,'Tegan','Arceo',NULL,NULL,'Monroe Township','NJ','8831','732-730-2692',NULL),(465,'ruthann@hotmail.com',NULL,'Ruthann','Keener',NULL,NULL,'Salisbury','NC','28144','830-258-2769',NULL),(466,'joni_breland@cox.net',NULL,'Joni','Breland',NULL,NULL,'Salisbury','NC','28144','847-519-5906',NULL),(467,'vrentfro@cox.net',NULL,'Vi','Rentfro',NULL,NULL,'Freehold','NJ','7728','732-605-4781',NULL),(468,'colette.kardas@yahoo.com',NULL,'Colette','Kardas',NULL,NULL,'Salisbury','NC','28144','402-896-5943',NULL),(469,'malcolm_tromblay@cox.net',NULL,'Malcolm','Tromblay',NULL,NULL,'Annandale','VA','22003','703-221-5602',NULL),(470,'ryan@cox.net',NULL,'Ryan','Harnos',NULL,NULL,'Salisbury','NC','28144','972-558-1665',NULL),(471,'jess.chaffins@chaffins.org',NULL,'Jess','Chaffins',NULL,NULL,'New York','NY','10016','212-510-4633',NULL),(472,'sbourbon@yahoo.com',NULL,'Sharen','Bourbon',NULL,NULL,'Syosset','NY','11791','516-816-1541',NULL),(473,'nickolas_juvera@cox.net',NULL,'Nickolas','Juvera',NULL,NULL,'Crystal River','FL','34429','352-598-8301',NULL),(474,'gary_nunlee@nunlee.org',NULL,'Gary','Nunlee',NULL,NULL,'Salisbury','NC','28144','317-542-6023',NULL),(475,'diane@cox.net',NULL,'Diane','Devreese',NULL,NULL,'Salisbury','NC','28144','816-557-9673',NULL),(476,'roslyn.chavous@chavous.org',NULL,'Roslyn','Chavous',NULL,NULL,'Salisbury','NC','28144','601-234-9632',NULL),(477,'glory@yahoo.com',NULL,'Glory','Schieler',NULL,NULL,'Spencer','NC','28159','325-869-2649',NULL),(478,'rasheeda@aol.com',NULL,'Rasheeda','Sayaphon',NULL,NULL,'Spencer','NC','28159','408-805-4309',NULL),(479,'alpha@yahoo.com',NULL,'Alpha','Palaia',NULL,NULL,'Cherry Hill','NJ','8003','856-312-2629',NULL),(480,'refugia.jacobos@jacobos.com',NULL,'Refugia','Jacobos',NULL,NULL,'Spencer','NC','28159','510-974-8671',NULL),(481,'shawnda.yori@yahoo.com',NULL,'Shawnda','Yori',NULL,NULL,'Longwood','FL','32750','407-538-5106',NULL),(482,'mdelasancha@hotmail.com',NULL,'Mona','Delasancha',NULL,NULL,'Spencer','NC','28159','307-403-1488',NULL),(483,'gilma_liukko@gmail.com',NULL,'Gilma','Liukko',NULL,NULL,'Garden City','NY','11530','516-393-9967',NULL),(484,'jgabisi@hotmail.com',NULL,'Janey','Gabisi',NULL,NULL,'Spencer','NC','28159','608-967-7194',NULL),(485,'lili.paskin@cox.net',NULL,'Lili','Paskin',NULL,NULL,'Kearny','NJ','7032','201-431-2989',NULL),(486,'loren.asar@aol.com',NULL,'Loren','Asar',NULL,NULL,'Old Forge','PA','18518','570-648-3035',NULL),(487,'dorothy@cox.net',NULL,'Dorothy','Chesterfield',NULL,NULL,'Spencer','NC','28159','858-617-7834',NULL),(488,'gail_similton@similton.com',NULL,'Gail','Similton',NULL,NULL,'Spencer','NC','28159','760-616-5388',NULL),(489,'catalina@hotmail.com',NULL,'Catalina','Tillotson',NULL,NULL,'Margate City','NJ','8402','609-373-3332',NULL),(490,'lawrence.lorens@hotmail.com',NULL,'Lawrence','Lorens',NULL,NULL,'Providence','RI','2906','401-465-6432',NULL),(491,'carlee.boulter@hotmail.com',NULL,'Carlee','Boulter',NULL,NULL,'Spencer','NC','28159','785-347-1805',NULL),(492,'tankeny@ankeny.org',NULL,'Thaddeus','Ankeny',NULL,NULL,'Spencer','NC','28159','916-920-3571',NULL),(493,'joles@gmail.com',NULL,'Jovita','Oles',NULL,NULL,'Daytona Beach','FL','32114','386-248-4118',NULL),(494,'alesia_hixenbaugh@hixenbaugh.org',NULL,'Alesia','Hixenbaugh',NULL,NULL,'Washington','DC','20001','202-646-7516',NULL),(495,'lai@gmail.com',NULL,'Lai','Harabedian',NULL,NULL,'Spencer','NC','28159','415-423-3294',NULL),(496,'bgillaspie@gillaspie.com',NULL,'Brittni','Gillaspie',NULL,NULL,'Spencer','NC','28159','208-709-1235',NULL),(497,'rkampa@kampa.org',NULL,'Raylene','Kampa',NULL,NULL,'Spencer','NC','28159','574-499-1454',NULL),(498,'flo.bookamer@cox.net',NULL,'Flo','Bookamer',NULL,NULL,'Spencer','NC','28159','308-726-2182',NULL),(499,'jbiddy@yahoo.com',NULL,'Jani','Biddy',NULL,NULL,'Spencer','NC','28159','206-711-6498',NULL),(500,'chauncey_motley@aol.com',NULL,'Chauncey','Motley',NULL,NULL,'Orlando','FL','32804','407-413-4842',NULL),(501,'123@aol.com',NULL,'Karyn','Cook',NULL,'123 Main St','Charlotte','NC','28262','123-456-7890',NULL),(502,'234@aol.lam',NULL,'Andrew','Lawrence',NULL,'234 Main St','Charlotte','NC','28262','123-456-7891',NULL),(503,'345@aol.sem',NULL,'Atsou','Senyo',NULL,'345 Main St','Charlotte','NC','28262','123-456-7892',NULL),(504,'456@aol.kam',NULL,'Nivedita','Kamtam',NULL,'456 Main St','Charlotte','NC','28262','123-456-7893',NULL),(505,'678@aol.qum',NULL,'Matthew','Quesenberry',NULL,'678 Main St','Charlotte','NC','28262','123-456-7894',NULL);
/*!40000 ALTER TABLE `user` ENABLE KEYS */;
UNLOCK TABLES;
/*!50003 SET @saved_cs_client      = @@character_set_client */ ;
/*!50003 SET @saved_cs_results     = @@character_set_results */ ;
/*!50003 SET @saved_col_connection = @@collation_connection */ ;
/*!50003 SET character_set_client  = utf8 */ ;
/*!50003 SET character_set_results = utf8 */ ;
/*!50003 SET collation_connection  = utf8_general_ci */ ;
/*!50003 SET @saved_sql_mode       = @@sql_mode */ ;
/*!50003 SET sql_mode              = 'STRICT_TRANS_TABLES,NO_AUTO_CREATE_USER,NO_ENGINE_SUBSTITUTION' */ ;
DELIMITER ;;
/*!50003 CREATE*/ /*!50017 DEFINER=`root`@`localhost`*/ /*!50003 TRIGGER addunum
AFTER INSERT ON user
FOR EACH ROW 
BEGIN
	IF lastname is not null THEN
    UPDATE u_num
    SET u_num = MAX(u_num)+1;
    END IF;
END */;;
DELIMITER ;
/*!50003 SET sql_mode              = @saved_sql_mode */ ;
/*!50003 SET character_set_client  = @saved_cs_client */ ;
/*!50003 SET character_set_results = @saved_cs_results */ ;
/*!50003 SET collation_connection  = @saved_col_connection */ ;

--
-- Dumping events for database 'pawsclaws'
--

--
-- Dumping routines for database 'pawsclaws'
--
/*!50003 DROP PROCEDURE IF EXISTS `addaddress` */;
/*!50003 SET @saved_cs_client      = @@character_set_client */ ;
/*!50003 SET @saved_cs_results     = @@character_set_results */ ;
/*!50003 SET @saved_col_connection = @@collation_connection */ ;
/*!50003 SET character_set_client  = utf8 */ ;
/*!50003 SET character_set_results = utf8 */ ;
/*!50003 SET collation_connection  = utf8_general_ci */ ;
/*!50003 SET @saved_sql_mode       = @@sql_mode */ ;
/*!50003 SET sql_mode              = 'STRICT_TRANS_TABLES,NO_AUTO_CREATE_USER,NO_ENGINE_SUBSTITUTION' */ ;
DELIMITER ;;
CREATE DEFINER=`root`@`localhost` PROCEDURE `addaddress`(IN u_num INT)
BEGIN
UPDATE address
SET address= (select concat ('street', 'city', 'state', 'zip'))
where u_num = u_num + 1;
END ;;
DELIMITER ;
/*!50003 SET sql_mode              = @saved_sql_mode */ ;
/*!50003 SET character_set_client  = @saved_cs_client */ ;
/*!50003 SET character_set_results = @saved_cs_results */ ;
/*!50003 SET collation_connection  = @saved_col_connection */ ;
/*!50003 DROP PROCEDURE IF EXISTS `add_address` */;
/*!50003 SET @saved_cs_client      = @@character_set_client */ ;
/*!50003 SET @saved_cs_results     = @@character_set_results */ ;
/*!50003 SET @saved_col_connection = @@collation_connection */ ;
/*!50003 SET character_set_client  = utf8 */ ;
/*!50003 SET character_set_results = utf8 */ ;
/*!50003 SET collation_connection  = utf8_general_ci */ ;
/*!50003 SET @saved_sql_mode       = @@sql_mode */ ;
/*!50003 SET sql_mode              = 'STRICT_TRANS_TABLES,NO_AUTO_CREATE_USER,NO_ENGINE_SUBSTITUTION' */ ;
DELIMITER ;;
CREATE DEFINER=`root`@`localhost` PROCEDURE `add_address`(IN u_num int)
BEGIN
UPDATE address
SET address= (select concat ('street', 'city', 'state', 'zip'))
where u_num = u_num + 1;
END ;;
DELIMITER ;
/*!50003 SET sql_mode              = @saved_sql_mode */ ;
/*!50003 SET character_set_client  = @saved_cs_client */ ;
/*!50003 SET character_set_results = @saved_cs_results */ ;
/*!50003 SET collation_connection  = @saved_col_connection */ ;

--
-- Final view structure for view `customer_view`
--

/*!50001 DROP VIEW IF EXISTS `customer_view`*/;
/*!50001 SET @saved_cs_client          = @@character_set_client */;
/*!50001 SET @saved_cs_results         = @@character_set_results */;
/*!50001 SET @saved_col_connection     = @@collation_connection */;
/*!50001 SET character_set_client      = utf8 */;
/*!50001 SET character_set_results     = utf8 */;
/*!50001 SET collation_connection      = utf8_general_ci */;
/*!50001 CREATE ALGORITHM=UNDEFINED */
/*!50013 DEFINER=`root`@`localhost` SQL SECURITY DEFINER */
/*!50001 VIEW `customer_view` AS select concat(convert(`user`.`First_name` using utf8),' ',`user`.`Last_name`) AS `Technician Name`,`technician`.`car` AS `Has Car`,`technician`.`preference` AS `Specialty`,avg(`rating`.`rating_scale`) AS `Average Rating` from ((`user` join `technician` on((`user`.`u_num` = `technician`.`u_num`))) left join `rating` on((`rating`.`user_u_num` = `technician`.`u_num`))) group by concat(convert(`user`.`First_name` using utf8),' ',`user`.`Last_name`) */;
/*!50001 SET character_set_client      = @saved_cs_client */;
/*!50001 SET character_set_results     = @saved_cs_results */;
/*!50001 SET collation_connection      = @saved_col_connection */;

--
-- Final view structure for view `physician_view`
--

/*!50001 DROP VIEW IF EXISTS `physician_view`*/;
/*!50001 SET @saved_cs_client          = @@character_set_client */;
/*!50001 SET @saved_cs_results         = @@character_set_results */;
/*!50001 SET @saved_col_connection     = @@collation_connection */;
/*!50001 SET character_set_client      = utf8 */;
/*!50001 SET character_set_results     = utf8 */;
/*!50001 SET collation_connection      = utf8_general_ci */;
/*!50001 CREATE ALGORITHM=UNDEFINED */
/*!50013 DEFINER=`root`@`localhost` SQL SECURITY DEFINER */
/*!50001 VIEW `physician_view` AS select `user`.`u_num` AS `User ID`,concat(convert(`user`.`First_name` using utf8),' ',`user`.`Last_name`) AS `User Name`,`user`.`street` AS `Street number and name`,`user`.`city` AS `city`,`user`.`state` AS `state`,`user`.`zip` AS `ZIP CODE`,`user`.`phone` AS `phone`,`pet`.`pet_name` AS `Pet Name`,`pet`.`special_needs` AS `Pet Special needs`,`pet`.`pet_size` AS `Pet Size` from (`user` join `pet` on((`user`.`u_num` = `pet`.`user_u_num`))) group by `user`.`u_num`,concat(convert(`user`.`First_name` using utf8),' ',`user`.`Last_name`) order by concat(convert(`user`.`First_name` using utf8),' ',`user`.`Last_name`) */;
/*!50001 SET character_set_client      = @saved_cs_client */;
/*!50001 SET character_set_results     = @saved_cs_results */;
/*!50001 SET collation_connection      = @saved_col_connection */;
/*!40103 SET TIME_ZONE=@OLD_TIME_ZONE */;

/*!40101 SET SQL_MODE=@OLD_SQL_MODE */;
/*!40014 SET FOREIGN_KEY_CHECKS=@OLD_FOREIGN_KEY_CHECKS */;
/*!40014 SET UNIQUE_CHECKS=@OLD_UNIQUE_CHECKS */;
/*!40101 SET CHARACTER_SET_CLIENT=@OLD_CHARACTER_SET_CLIENT */;
/*!40101 SET CHARACTER_SET_RESULTS=@OLD_CHARACTER_SET_RESULTS */;
/*!40101 SET COLLATION_CONNECTION=@OLD_COLLATION_CONNECTION */;
/*!40111 SET SQL_NOTES=@OLD_SQL_NOTES */;

-- Dump completed on 2018-06-24 13:53:09
